cultivar,feature,unit,n,mean,sd,median,q1,q3
INIAP 420,Area,pixel²,1000,65988.394,6905.284356114727,67111.5,61384.5,71464.5
INIAP 420,Perimeter,pixels,1000,1015.943935,66.20655762370639,1021.3844999999999,972.7717499999999,1064.44375
INIAP 420,MajorAxisLength,pixels,1000,360.0365012294826,25.180182839432586,360.8410896226731,344.1097498863204,377.26972603099244
INIAP 420,MinorAxisLength,pixels,1000,234.0890107990456,15.31311389753314,234.2146838347871,223.8788961413151,245.0960127834287
INIAP 420,AspectRatio,dimensionless,1000,1.5427213261347044,0.1260862948499846,1.545302511444403,1.4603623400833132,1.6272753037165235
INIAP 420,ConvexArea,pixel²,1000,67138.696,7011.923826835066,68337.0,62472.0,72609.75
INIAP 420,EquivDiameter,pixels,1000,289.4483706915431,15.45678979368941,292.3166311715904,279.5660436043035,301.6478531020003
INIAP 420,Extent,dimensionless,1000,0.7489660722896186,0.03950816267331007,0.7493505428150782,0.7166610977978061,0.7802957896894316
INIAP 420,Solidity,dimensionless,1000,0.9828528686980981,0.004075766378907175,0.9831090757439473,0.9806776944427618,0.9855268046365927
INIAP 420,roundness,dimensionless,1000,0.8037308024152883,0.048194373348810784,0.8061311066402511,0.7764627309120516,0.8376843023711275
INIAP 420,Compactness,dimensionless,1000,0.8054580697335164,0.0335147392835035,0.8031306142742399,0.7823357773753339,0.8263251236503044
INIAP 425,Area,pixel²,1000,40843.259,2028.3168996397887,40615.5,39073.75,42345.5
INIAP 425,Perimeter,pixels,1000,737.4239779999999,24.29953462337145,734.4434999999999,719.1825000000001,752.061
INIAP 425,MajorAxisLength,pixels,1000,255.40981606375374,10.853641959308126,254.32013749077237,247.8261053030459,262.19846205579245
INIAP 425,MinorAxisLength,pixels,1000,204.01094223472546,7.2983665122546615,203.44635660076358,198.9329705623744,209.0470984640817
INIAP 425,AspectRatio,dimensionless,1000,1.2539198604137296,0.07651755705021505,1.2485973297517736,1.2038875616374247,1.2976863162592969
INIAP 425,ConvexArea,pixel²,1000,41232.086,2049.8078272688717,41018.5,39417.5,42758.5
INIAP 425,EquivDiameter,pixels,1000,227.97248634508057,5.641789972738059,227.40549773053263,223.0476264378711,232.19811409430736
INIAP 425,Extent,dimensionless,1000,0.7712696823236772,0.018912776003961823,0.7733251923617013,0.7585480146437624,0.784586666713073
INIAP 425,Solidity,dimensionless,1000,0.9905753642019113,0.0025473780717193994,0.991152838567458,0.9897582080292517,0.9920679578042542
INIAP 425,roundness,dimensionless,1000,0.9443114340055956,0.032791563037869634,0.951047953063797,0.9360976794422943,0.9623583465490174
INIAP 425,Compactness,dimensionless,1000,0.8935072437269485,0.0269401442701391,0.8941641901906672,0.8772156955087669,0.9106578846074784
INIAP 481,Area,pixel²,1000,72201.245,4168.0952144464845,72399.0,68840.0,75680.0
INIAP 481,Perimeter,pixels,1000,1035.4961919999998,33.63344565604057,1037.09,1012.68525,1060.91175
INIAP 481,MajorAxisLength,pixels,1000,400.6311852295345,16.685205023725384,400.8572122330655,389.115445258212,413.04838031932906
INIAP 481,MinorAxisLength,pixels,1000,231.62722033462762,8.16657459920607,231.8605351945672,226.23221618410156,236.99205650098742
INIAP 481,AspectRatio,dimensionless,1000,1.731434695971516,0.08779547512589608,1.7288139392175634,1.6718041248848239,1.7918145347753507
INIAP 481,ConvexArea,pixel²,1000,73317.164,4242.395957777468,73581.5,69900.25,76814.0
INIAP 481,EquivDiameter,pixels,1000,303.07176584318495,8.778503513101507,303.6136849507378,296.05710639283205,310.4170876278325
INIAP 481,Extent,dimensionless,1000,0.7590822209928201,0.04196126258490655,0.7670123973434729,0.7333219446240854,0.7927885282918208
INIAP 481,Solidity,dimensionless,1000,0.9848049369601692,0.0057835393143326535,0.9860336512800106,0.9813743151395734,0.9893482996687899
INIAP 481,roundness,dimensionless,1000,0.8459777240208615,0.02365808184689244,0.8467709289145838,0.8303028188882897,0.8625182862407079
INIAP 481,Compactness,dimensionless,1000,0.7570822054169364,0.019625859647605746,0.7566997764629202,0.7432205099541768,0.769852370916692
INIAP 485,Area,pixel²,1000,28142.57,1254.8135527448492,28183.0,27096.5,29244.25
INIAP 485,Perimeter,pixels,1000,623.653005,17.835549370297365,624.315,609.9855000000001,636.0619999999999
INIAP 485,MajorAxisLength,pixels,1000,230.55737619044226,9.229972819830632,230.308957679632,224.12334085177164,236.98968856528262
INIAP 485,MinorAxisLength,pixels,1000,155.98041074548374,5.764795185260859,155.83759132456711,152.04231719118283,159.92445453531423
INIAP 485,AspectRatio,dimensionless,1000,1.4808650690437326,0.0933693072754545,1.476254333392903,1.4148365362626967,1.53918814550607
INIAP 485,ConvexArea,pixel²,1000,28491.51,1263.5527450167801,28524.5,27455.75,29599.25
INIAP 485,EquivDiameter,pixels,1000,189.24686475946615,4.227891703679404,189.42996087730342,185.7426586560499,192.96356004464218
INIAP 485,Extent,dimensionless,1000,0.7536216148051674,0.037677302045580306,0.7551097972005052,0.7239287593469546,0.78610658772575
INIAP 485,Solidity,dimensionless,1000,0.987746945895106,0.002988657191597126,0.9883182468100583,0.9868272764248988,0.9893738178634242
INIAP 485,roundness,dimensionless,1000,0.9096256793077242,0.030189680260883537,0.9145434907845813,0.8978614505337017,0.9277429282830012
INIAP 485,Compactness,dimensionless,1000,0.8216830679915039,0.02587540987566886,0.821681244292984,0.8047170819196585,0.8395883861624014
