feature,kruskal_H,p_raw,epsilon_squared,p_holm
Area,3479.899367351323,0.0,0.8700949367746053,0.0
Perimeter,3383.5128855486632,0.0,0.8459741955827486,0.0
MajorAxisLength,3579.9674692831795,0.0,0.89513700432512,0.0
MinorAxisLength,3271.3018962064507,0.0,0.8178933674190317,0.0
AspectRatio,3014.5133050782297,0.0,0.7536319582277852,0.0
ConvexArea,3475.6544658437797,0.0,0.869032649110055,0.0
EquivDiameter,3479.899367351323,0.0,0.8700949367746053,0.0
Extent,177.72260699020902,2.736913069095804e-38,0.04372437612367593,2.736913069095804e-38
Solidity,1836.6380458128567,0.0,0.45886837983304724,0.0
roundness,3067.0178721384655,0.0,0.7667712392738902,0.0
Compactness,3044.902680442392,0.0,0.7612369070176156,0.0
