bin,lower,upper,n,mean_confidence,accuracy,model,seed
1,0.99,0.991,35,0.9905112618028976,1.0,LDA_XGBoost,2026
2,0.991,0.992,54,0.9915617797097055,0.9814814814814815,LDA_XGBoost,2026
3,0.992,0.993,65,0.9925537537620882,1.0,LDA_XGBoost,2026
4,0.993,0.994,46,0.9933625317721987,1.0,LDA_XGBoost,2026
5,0.994,0.995,75,0.9944805378818482,0.9866666666666667,LDA_XGBoost,2026
6,0.995,0.996,141,0.9955592178055027,0.9929078014184397,LDA_XGBoost,2026
7,0.996,0.997,238,0.9965315766164056,1.0,LDA_XGBoost,2026
8,0.997,0.998,460,0.9975156745142226,1.0,LDA_XGBoost,2026
9,0.998,0.999,1462,0.9985919695202293,1.0,LDA_XGBoost,2026
10,0.999,1.0,686,0.9991363458379182,1.0,LDA_XGBoost,2026
1,0.99,0.991,39,0.9905505087121657,0.9743589743589743,LDA_XGBoost,2027
2,0.991,0.992,37,0.991527519217447,0.972972972972973,LDA_XGBoost,2027
3,0.992,0.993,57,0.9925962901574173,1.0,LDA_XGBoost,2027
4,0.993,0.994,54,0.9934951086667284,1.0,LDA_XGBoost,2027
5,0.994,0.995,68,0.9945309495365684,1.0,LDA_XGBoost,2027
6,0.995,0.996,99,0.9955137734184708,0.98989898989899,LDA_XGBoost,2027
7,0.996,0.997,227,0.9965995454157611,1.0,LDA_XGBoost,2027
8,0.997,0.998,505,0.9974847995853998,0.998019801980198,LDA_XGBoost,2027
9,0.998,0.999,1518,0.9985506255716408,0.9993412384716732,LDA_XGBoost,2027
10,0.999,1.0,703,0.9992234680025889,1.0,LDA_XGBoost,2027
1,0.99,0.991,65,0.9905512038668923,1.0,LDA_XGBoost,2028
2,0.991,0.992,96,0.9915030666799459,1.0,LDA_XGBoost,2028
3,0.992,0.993,116,0.9925237223265362,1.0,LDA_XGBoost,2028
4,0.993,0.994,122,0.9934773330932029,0.9918032786885246,LDA_XGBoost,2028
5,0.994,0.995,164,0.9944577602482112,0.9939024390243902,LDA_XGBoost,2028
6,0.995,0.996,253,0.995556257579083,1.0,LDA_XGBoost,2028
7,0.996,0.997,336,0.996558687613476,0.9970238095238095,LDA_XGBoost,2028
8,0.997,0.998,368,0.9976303499184318,0.9945652173913043,LDA_XGBoost,2028
9,0.998,0.999,1124,0.9984935164911836,1.0,LDA_XGBoost,2028
10,0.999,1.0,627,0.9992283493774847,1.0,LDA_XGBoost,2028
1,0.99,0.991,17,0.9903525613107076,0.9411764705882353,TabPFN,2026
2,0.991,0.992,19,0.9915775098939915,1.0,TabPFN,2026
3,0.992,0.993,33,0.9925333708704097,1.0,TabPFN,2026
4,0.993,0.994,23,0.993593197836671,1.0,TabPFN,2026
5,0.994,0.995,23,0.9945022326301237,1.0,TabPFN,2026
6,0.995,0.996,41,0.9955529112422586,0.975609756097561,TabPFN,2026
7,0.996,0.997,42,0.9964548963881118,1.0,TabPFN,2026
8,0.997,0.998,77,0.9975206023995723,1.0,TabPFN,2026
9,0.998,0.999,147,0.9985742856587833,1.0,TabPFN,2026
10,0.999,1.0,3128,0.9998789638909985,1.0,TabPFN,2026
1,0.99,0.991,20,0.9904973390624103,0.95,TabPFN,2027
2,0.991,0.992,23,0.9915858093291356,0.9565217391304348,TabPFN,2027
3,0.992,0.993,21,0.9923205179710897,1.0,TabPFN,2027
4,0.993,0.994,31,0.9935801821964311,1.0,TabPFN,2027
5,0.994,0.995,32,0.9945172572081464,0.96875,TabPFN,2027
6,0.995,0.996,26,0.9955378278061531,1.0,TabPFN,2027
7,0.996,0.997,50,0.9965089178147831,1.0,TabPFN,2027
8,0.997,0.998,71,0.9975412193928773,1.0,TabPFN,2027
9,0.998,0.999,133,0.9985512680589593,1.0,TabPFN,2027
10,0.999,1.0,3158,0.9998855999707972,1.0,TabPFN,2027
1,0.99,0.991,18,0.9903961443883968,1.0,TabPFN,2028
2,0.991,0.992,24,0.9915320030895763,1.0,TabPFN,2028
3,0.992,0.993,31,0.9925649660237291,1.0,TabPFN,2028
4,0.993,0.994,23,0.9934939572889998,1.0,TabPFN,2028
5,0.994,0.995,30,0.994547580558515,1.0,TabPFN,2028
6,0.995,0.996,35,0.9954512990566518,0.9714285714285714,TabPFN,2028
7,0.996,0.997,59,0.9965265565217689,0.9830508474576272,TabPFN,2028
8,0.997,0.998,67,0.9975296068114161,1.0,TabPFN,2028
9,0.998,0.999,125,0.9985725672067332,1.0,TabPFN,2028
10,0.999,1.0,3165,0.9998938588595099,1.0,TabPFN,2028
