cultivar,adaptive_ece_ovr,model,seed
INIAP 420,0.0015486548097333463,LDA_XGBoost,2026
INIAP 425,0.0009372007138554548,LDA_XGBoost,2026
INIAP 481,0.0014513550430260245,LDA_XGBoost,2026
INIAP 485,0.0007933046792170573,LDA_XGBoost,2026
INIAP 420,0.002986056594044539,LDA_XGBoost,2027
INIAP 425,0.000844608307822052,LDA_XGBoost,2027
INIAP 481,0.0033172612813318005,LDA_XGBoost,2027
INIAP 485,0.0007437047886452718,LDA_XGBoost,2027
INIAP 420,0.0029478461466230436,LDA_XGBoost,2028
INIAP 425,0.001306857306890352,LDA_XGBoost,2028
INIAP 481,0.0025861582547417137,LDA_XGBoost,2028
INIAP 485,0.0009206943294869144,LDA_XGBoost,2028
INIAP 420,0.0003010346718330405,TabPFN,2026
INIAP 425,3.9508449642648475e-05,TabPFN,2026
INIAP 481,0.0002872770220308746,TabPFN,2026
INIAP 485,3.267225719342463e-05,TabPFN,2026
INIAP 420,0.000947469036449144,TabPFN,2027
INIAP 425,3.147845484530412e-05,TabPFN,2027
INIAP 481,0.0009345568643049812,TabPFN,2027
INIAP 485,2.827481214247925e-05,TabPFN,2027
INIAP 420,0.0009793876082493111,TabPFN,2028
INIAP 425,3.03575441438596e-05,TabPFN,2028
INIAP 481,0.0009678787117896634,TabPFN,2028
INIAP 485,2.629809615950509e-05,TabPFN,2028
