model,seed,target_coverage,n_accepted,n_rejected,accepted_correct,accepted_errors,realized_coverage,accepted_accuracy,accuracy_cp95_low,accuracy_cp95_high
LDA_XGBoost,2026,0.5,2067,1933,2067,0,0.51675,1.0,0.9982169377237532,1.0
LDA_XGBoost,2026,0.6,2459,1541,2459,0,0.61475,1.0,0.9985009703566494,1.0
LDA_XGBoost,2026,0.7,2815,1185,2815,0,0.70375,1.0,0.998690421496288,1.0
LDA_XGBoost,2026,0.8,3116,884,3115,1,0.779,0.9996790757381258,0.998213235594577,0.9999918749341689
LDA_XGBoost,2026,0.9,3567,433,3559,8,0.89175,0.9977572189514998,0.9955856351469439,0.999031244581265
LDA_XGBoost,2026,0.95,3790,210,3764,26,0.9475,0.9931398416886543,0.9899643279358364,0.9955139659731609
LDA_XGBoost,2026,1.0,4000,0,3921,79,1.0,0.98025,0.9754456646930049,0.9843333373142525
LDA_XGBoost,2027,0.5,2180,1820,2180,0,0.545,1.0,0.9983092843341738,1.0
LDA_XGBoost,2027,0.6,2394,1606,2393,1,0.5985,0.9995822890559732,0.9976748845340488,0.9999894245304468
LDA_XGBoost,2027,0.7,2872,1128,2870,2,0.718,0.9993036211699164,0.9974867273166914,0.9999156541641315
LDA_XGBoost,2027,0.8,3134,866,3131,3,0.7835,0.9990427568602425,0.9972051022906983,0.9998025499308282
LDA_XGBoost,2027,0.9,3554,446,3543,11,0.8885,0.9969048958919527,0.9944687674856694,0.9984539538873197
LDA_XGBoost,2027,0.95,3789,211,3763,26,0.94725,0.9931380311427818,0.9899616835416781,0.995512780753305
LDA_XGBoost,2027,1.0,4000,0,3916,84,1.0,0.979,0.9740657862809268,0.9832158521444283
LDA_XGBoost,2028,0.5,2255,1745,2251,4,0.56375,0.9982261640798226,0.9954645577179022,0.9995164845651854
LDA_XGBoost,2028,0.6,2555,1445,2551,4,0.63875,0.9984344422700587,0.9959964442508626,0.9995732786567894
LDA_XGBoost,2028,0.7,2912,1088,2908,4,0.728,0.9986263736263736,0.9964867385905537,0.9996256102245017
LDA_XGBoost,2028,0.8,3170,830,3165,5,0.7925,0.998422712933754,0.9963230082894495,0.9994876670841795
LDA_XGBoost,2028,0.9,3586,414,3575,11,0.8965,0.9969325153374233,0.9945180661345252,0.9984677588607747
LDA_XGBoost,2028,0.95,3787,213,3765,22,0.94675,0.9941906522313176,0.9912177144613008,0.996355838182818
LDA_XGBoost,2028,1.0,4000,0,3919,81,1.0,0.97975,0.9748932041283106,0.9838868613095489
TabPFN,2026,0.5,2134,1866,2134,0,0.5335,1.0,0.9982728711568495,1.0
TabPFN,2026,0.6,2497,1503,2497,0,0.62425,1.0,0.9985237661356379,1.0
TabPFN,2026,0.7,2864,1136,2864,0,0.716,1.0,0.9987128125681483,1.0
TabPFN,2026,0.8,3234,766,3234,0,0.8085,1.0,0.9988599949339073,1.0
TabPFN,2026,0.9,3623,377,3621,2,0.90575,0.9994479712945074,0.9980073198389212,0.99993313976981
TabPFN,2026,0.95,3806,194,3798,8,0.9515,0.9978980557015239,0.9958625548745437,0.9990921065218098
TabPFN,2026,1.0,4000,0,3946,54,1.0,0.9865,0.9824217347905504,0.9898425506457175
TabPFN,2027,0.5,2149,1851,2149,0,0.53725,1.0,0.9982849161562026,1.0
TabPFN,2027,0.6,2514,1486,2514,0,0.6285,1.0,0.998533741301934,1.0
TabPFN,2027,0.7,2863,1137,2863,0,0.71575,1.0,0.9987123632637959,1.0
TabPFN,2027,0.8,3238,762,3238,0,0.8095,1.0,0.9988614024148411,1.0
TabPFN,2027,0.9,3617,383,3614,3,0.90425,0.9991705833563727,0.99757802437538,0.9998289216761888
TabPFN,2027,0.95,3791,209,3784,7,0.94775,0.9981535214982854,0.9961992722136848,0.9992573077219292
TabPFN,2027,1.0,4000,0,3947,53,1.0,0.98675,0.9827041059194228,0.9900595132390917
TabPFN,2028,0.5,2164,1836,2164,0,0.541,1.0,0.9982967943154497,1.0
TabPFN,2028,0.6,2524,1476,2524,0,0.631,1.0,0.9985395463236215,1.0
TabPFN,2028,0.7,2873,1127,2873,0,0.71825,1.0,0.9987168422413853,1.0
TabPFN,2028,0.8,3242,758,3242,0,0.8105,1.0,0.9988628064246333,1.0
TabPFN,2028,0.9,3628,372,3626,2,0.907,0.9994487320837927,0.9980100641130791,0.9999332319241856
TabPFN,2028,0.95,3799,201,3790,9,0.94975,0.9976309555146091,0.9955076001481084,0.9989161676282559
TabPFN,2028,1.0,4000,0,3946,54,1.0,0.9865,0.9824217347905504,0.9898425506457175
