model,seed,target_coverage,cultivar,rejected_n,accepted_n,rejected_share_within_target
LDA_XGBoost,2026,0.5,INIAP 420,817,183,0.42265907915157785
LDA_XGBoost,2026,0.5,INIAP 425,112,888,0.05794102431453699
LDA_XGBoost,2026,0.5,INIAP 481,972,28,0.5028453181583031
LDA_XGBoost,2026,0.5,INIAP 485,32,968,0.016554578375581996
LDA_XGBoost,2026,0.6,INIAP 420,548,452,0.3556132381570409
LDA_XGBoost,2026,0.6,INIAP 425,108,892,0.07008436080467229
LDA_XGBoost,2026,0.6,INIAP 481,866,134,0.5619727449707982
LDA_XGBoost,2026,0.6,INIAP 485,19,981,0.012329656067488644
LDA_XGBoost,2026,0.7,INIAP 420,306,694,0.2582278481012658
LDA_XGBoost,2026,0.7,INIAP 425,91,909,0.07679324894514768
LDA_XGBoost,2026,0.7,INIAP 481,769,231,0.6489451476793249
LDA_XGBoost,2026,0.7,INIAP 485,19,981,0.016033755274261603
LDA_XGBoost,2026,0.8,INIAP 420,211,789,0.23868778280542988
LDA_XGBoost,2026,0.8,INIAP 425,57,943,0.06447963800904978
LDA_XGBoost,2026,0.8,INIAP 481,607,393,0.6866515837104072
LDA_XGBoost,2026,0.8,INIAP 485,9,991,0.010180995475113122
LDA_XGBoost,2026,0.9,INIAP 420,140,860,0.3233256351039261
LDA_XGBoost,2026,0.9,INIAP 425,16,984,0.03695150115473441
LDA_XGBoost,2026,0.9,INIAP 481,276,724,0.6374133949191686
LDA_XGBoost,2026,0.9,INIAP 485,1,999,0.0023094688221709007
LDA_XGBoost,2026,0.95,INIAP 420,81,919,0.38571428571428573
LDA_XGBoost,2026,0.95,INIAP 425,5,995,0.023809523809523808
LDA_XGBoost,2026,0.95,INIAP 481,123,877,0.5857142857142857
LDA_XGBoost,2026,0.95,INIAP 485,1,999,0.004761904761904762
LDA_XGBoost,2026,1.0,INIAP 420,0,1000,0.0
LDA_XGBoost,2026,1.0,INIAP 425,0,1000,0.0
LDA_XGBoost,2026,1.0,INIAP 481,0,1000,0.0
LDA_XGBoost,2026,1.0,INIAP 485,0,1000,0.0
LDA_XGBoost,2027,0.5,INIAP 420,773,227,0.4247252747252747
LDA_XGBoost,2027,0.5,INIAP 425,115,885,0.06318681318681318
LDA_XGBoost,2027,0.5,INIAP 481,877,123,0.4818681318681319
LDA_XGBoost,2027,0.5,INIAP 485,55,945,0.03021978021978022
LDA_XGBoost,2027,0.6,INIAP 420,627,373,0.3904109589041096
LDA_XGBoost,2027,0.6,INIAP 425,102,898,0.06351183063511831
LDA_XGBoost,2027,0.6,INIAP 481,849,151,0.5286425902864259
LDA_XGBoost,2027,0.6,INIAP 485,28,972,0.017434620174346202
LDA_XGBoost,2027,0.7,INIAP 420,316,684,0.2801418439716312
LDA_XGBoost,2027,0.7,INIAP 425,93,907,0.08244680851063829
LDA_XGBoost,2027,0.7,INIAP 481,702,298,0.6223404255319149
LDA_XGBoost,2027,0.7,INIAP 485,17,983,0.015070921985815602
LDA_XGBoost,2027,0.8,INIAP 420,216,784,0.24942263279445728
LDA_XGBoost,2027,0.8,INIAP 425,52,948,0.06004618937644342
LDA_XGBoost,2027,0.8,INIAP 481,582,418,0.6720554272517321
LDA_XGBoost,2027,0.8,INIAP 485,16,984,0.018475750577367205
LDA_XGBoost,2027,0.9,INIAP 420,130,870,0.2914798206278027
LDA_XGBoost,2027,0.9,INIAP 425,13,987,0.02914798206278027
LDA_XGBoost,2027,0.9,INIAP 481,301,699,0.6748878923766816
LDA_XGBoost,2027,0.9,INIAP 485,2,998,0.004484304932735426
LDA_XGBoost,2027,0.95,INIAP 420,86,914,0.4075829383886256
LDA_XGBoost,2027,0.95,INIAP 425,2,998,0.009478672985781991
LDA_XGBoost,2027,0.95,INIAP 481,123,877,0.5829383886255924
LDA_XGBoost,2027,0.95,INIAP 485,0,1000,0.0
LDA_XGBoost,2027,1.0,INIAP 420,0,1000,0.0
LDA_XGBoost,2027,1.0,INIAP 425,0,1000,0.0
LDA_XGBoost,2027,1.0,INIAP 481,0,1000,0.0
LDA_XGBoost,2027,1.0,INIAP 485,0,1000,0.0
LDA_XGBoost,2028,0.5,INIAP 420,679,321,0.3891117478510029
LDA_XGBoost,2028,0.5,INIAP 425,112,888,0.06418338108882521
LDA_XGBoost,2028,0.5,INIAP 481,873,127,0.5002865329512894
LDA_XGBoost,2028,0.5,INIAP 485,81,919,0.046418338108882524
LDA_XGBoost,2028,0.6,INIAP 420,522,478,0.3612456747404844
LDA_XGBoost,2028,0.6,INIAP 425,105,895,0.0726643598615917
LDA_XGBoost,2028,0.6,INIAP 481,765,235,0.5294117647058824
LDA_XGBoost,2028,0.6,INIAP 485,53,947,0.03667820069204152
LDA_XGBoost,2028,0.7,INIAP 420,301,699,0.2766544117647059
LDA_XGBoost,2028,0.7,INIAP 425,82,918,0.07536764705882353
LDA_XGBoost,2028,0.7,INIAP 481,675,325,0.6204044117647058
LDA_XGBoost,2028,0.7,INIAP 485,30,970,0.027573529411764705
LDA_XGBoost,2028,0.8,INIAP 420,217,783,0.26144578313253014
LDA_XGBoost,2028,0.8,INIAP 425,56,944,0.06746987951807229
LDA_XGBoost,2028,0.8,INIAP 481,541,459,0.6518072289156627
LDA_XGBoost,2028,0.8,INIAP 485,16,984,0.01927710843373494
LDA_XGBoost,2028,0.9,INIAP 420,133,867,0.321256038647343
LDA_XGBoost,2028,0.9,INIAP 425,19,981,0.04589371980676329
LDA_XGBoost,2028,0.9,INIAP 481,260,740,0.6280193236714976
LDA_XGBoost,2028,0.9,INIAP 485,2,998,0.004830917874396135
LDA_XGBoost,2028,0.95,INIAP 420,86,914,0.40375586854460094
LDA_XGBoost,2028,0.95,INIAP 425,5,995,0.023474178403755867
LDA_XGBoost,2028,0.95,INIAP 481,122,878,0.5727699530516432
LDA_XGBoost,2028,0.95,INIAP 485,0,1000,0.0
LDA_XGBoost,2028,1.0,INIAP 420,0,1000,0.0
LDA_XGBoost,2028,1.0,INIAP 425,0,1000,0.0
LDA_XGBoost,2028,1.0,INIAP 481,0,1000,0.0
LDA_XGBoost,2028,1.0,INIAP 485,0,1000,0.0
TabPFN,2026,0.5,INIAP 420,732,268,0.39228295819935693
TabPFN,2026,0.5,INIAP 425,137,863,0.07341907824222937
TabPFN,2026,0.5,INIAP 481,983,17,0.5267952840300107
TabPFN,2026,0.5,INIAP 485,14,986,0.007502679528403001
TabPFN,2026,0.6,INIAP 420,533,467,0.3546240851630073
TabPFN,2026,0.6,INIAP 425,36,964,0.023952095808383235
TabPFN,2026,0.6,INIAP 481,933,67,0.6207584830339321
TabPFN,2026,0.6,INIAP 485,1,999,0.0006653359946773121
TabPFN,2026,0.7,INIAP 420,321,679,0.28257042253521125
TabPFN,2026,0.7,INIAP 425,12,988,0.01056338028169014
TabPFN,2026,0.7,INIAP 481,803,197,0.7068661971830986
TabPFN,2026,0.7,INIAP 485,0,1000,0.0
TabPFN,2026,0.8,INIAP 420,199,801,0.2597911227154047
TabPFN,2026,0.8,INIAP 425,2,998,0.0026109660574412533
TabPFN,2026,0.8,INIAP 481,565,435,0.737597911227154
TabPFN,2026,0.8,INIAP 485,0,1000,0.0
TabPFN,2026,0.9,INIAP 420,121,879,0.3209549071618037
TabPFN,2026,0.9,INIAP 425,1,999,0.002652519893899204
TabPFN,2026,0.9,INIAP 481,255,745,0.6763925729442971
TabPFN,2026,0.9,INIAP 485,0,1000,0.0
TabPFN,2026,0.95,INIAP 420,76,924,0.3917525773195876
TabPFN,2026,0.95,INIAP 425,0,1000,0.0
TabPFN,2026,0.95,INIAP 481,118,882,0.6082474226804123
TabPFN,2026,0.95,INIAP 485,0,1000,0.0
TabPFN,2026,1.0,INIAP 420,0,1000,0.0
TabPFN,2026,1.0,INIAP 425,0,1000,0.0
TabPFN,2026,1.0,INIAP 481,0,1000,0.0
TabPFN,2026,1.0,INIAP 485,0,1000,0.0
TabPFN,2027,0.5,INIAP 420,716,284,0.3868179362506753
TabPFN,2027,0.5,INIAP 425,142,858,0.07671528903295516
TabPFN,2027,0.5,INIAP 481,982,18,0.5305240410588871
TabPFN,2027,0.5,INIAP 485,11,989,0.005942733657482442
TabPFN,2027,0.6,INIAP 420,519,481,0.3492597577388964
TabPFN,2027,0.6,INIAP 425,41,959,0.02759084791386272
TabPFN,2027,0.6,INIAP 481,925,75,0.6224764468371468
TabPFN,2027,0.6,INIAP 485,1,999,0.0006729475100942127
TabPFN,2027,0.7,INIAP 420,329,671,0.28935795954265614
TabPFN,2027,0.7,INIAP 425,10,990,0.008795074758135445
TabPFN,2027,0.7,INIAP 481,797,203,0.7009674582233949
TabPFN,2027,0.7,INIAP 485,1,999,0.0008795074758135445
TabPFN,2027,0.8,INIAP 420,208,792,0.27296587926509186
TabPFN,2027,0.8,INIAP 425,1,999,0.0013123359580052493
TabPFN,2027,0.8,INIAP 481,553,447,0.7257217847769029
TabPFN,2027,0.8,INIAP 485,0,1000,0.0
TabPFN,2027,0.9,INIAP 420,119,881,0.31070496083550914
TabPFN,2027,0.9,INIAP 425,0,1000,0.0
TabPFN,2027,0.9,INIAP 481,264,736,0.6892950391644909
TabPFN,2027,0.9,INIAP 485,0,1000,0.0
TabPFN,2027,0.95,INIAP 420,81,919,0.3875598086124402
TabPFN,2027,0.95,INIAP 425,0,1000,0.0
TabPFN,2027,0.95,INIAP 481,128,872,0.6124401913875598
TabPFN,2027,0.95,INIAP 485,0,1000,0.0
TabPFN,2027,1.0,INIAP 420,0,1000,0.0
TabPFN,2027,1.0,INIAP 425,0,1000,0.0
TabPFN,2027,1.0,INIAP 481,0,1000,0.0
TabPFN,2027,1.0,INIAP 485,0,1000,0.0
TabPFN,2028,0.5,INIAP 420,714,286,0.3888888888888889
TabPFN,2028,0.5,INIAP 425,128,872,0.06971677559912855
TabPFN,2028,0.5,INIAP 481,979,21,0.5332244008714597
TabPFN,2028,0.5,INIAP 485,15,985,0.008169934640522876
TabPFN,2028,0.6,INIAP 420,514,486,0.34823848238482386
TabPFN,2028,0.6,INIAP 425,35,965,0.023712737127371274
TabPFN,2028,0.6,INIAP 481,925,75,0.6266937669376694
TabPFN,2028,0.6,INIAP 485,2,998,0.0013550135501355014
TabPFN,2028,0.7,INIAP 420,329,671,0.2919254658385093
TabPFN,2028,0.7,INIAP 425,8,992,0.00709849157054126
TabPFN,2028,0.7,INIAP 481,790,210,0.7009760425909495
TabPFN,2028,0.7,INIAP 485,0,1000,0.0
TabPFN,2028,0.8,INIAP 420,199,801,0.262532981530343
TabPFN,2028,0.8,INIAP 425,1,999,0.0013192612137203166
TabPFN,2028,0.8,INIAP 481,558,442,0.7361477572559367
TabPFN,2028,0.8,INIAP 485,0,1000,0.0
TabPFN,2028,0.9,INIAP 420,118,882,0.3172043010752688
TabPFN,2028,0.9,INIAP 425,1,999,0.002688172043010753
TabPFN,2028,0.9,INIAP 481,253,747,0.6801075268817204
TabPFN,2028,0.9,INIAP 485,0,1000,0.0
TabPFN,2028,0.95,INIAP 420,78,922,0.3880597014925373
TabPFN,2028,0.95,INIAP 425,0,1000,0.0
TabPFN,2028,0.95,INIAP 481,123,877,0.6119402985074627
TabPFN,2028,0.95,INIAP 485,0,1000,0.0
TabPFN,2028,1.0,INIAP 420,0,1000,0.0
TabPFN,2028,1.0,INIAP 425,0,1000,0.0
TabPFN,2028,1.0,INIAP 481,0,1000,0.0
TabPFN,2028,1.0,INIAP 485,0,1000,0.0
