f1_macro,accuracy,balanced_accuracy,precision_macro,recall_macro,mcc,kappa,log_loss,feature_set,model,seed,outer_fold,n_train,n_test,fit_search_seconds,refit_seconds,predict_seconds,predict_proba_seconds
0.9749993749843746,0.975,0.975,0.975022502250225,0.975,0.966674722322918,0.9666666666666668,0.0753416514182978,FULL_11,CatBoost,2026,1,3200,800,15.885539770126345,3.096067190170288,0.0024347305297851,0.001509666442871
0.9700342814642592,0.97,0.97,0.9700746268656716,0.97,0.96000200000625,0.96,0.0830205273163,FULL_11,CatBoost,2026,2,3200,800,15.617778539657593,3.2025997638702397,0.002450942993164,0.0014247894287109
0.9837377016368628,0.98375,0.98375,0.9844592391985756,0.98375,0.9785800481540732,0.9783333333333332,0.055975157757736,FULL_11,CatBoost,2026,3,3200,800,13.334643125534058,1.1778931617736816,0.0024201869964599,0.0013158321380615
0.97744689902102,0.9775,0.9775,0.977942821776286,0.9775,0.9701839481452402,0.97,0.0668814169813338,FULL_11,CatBoost,2026,4,3200,800,14.75763201713562,2.343312263488769,0.0029616355895996,0.0018925666809082
0.9712057351920362,0.97125,0.97125,0.9712863848179916,0.97125,0.9617087423445698,0.9616666666666668,0.0766933790498679,FULL_11,CatBoost,2026,5,3200,800,14.56383752822876,2.329324722290039,0.0026357173919677,0.0018451213836669
0.9762320254692612,0.97625,0.97625,0.9769364828606536,0.97625,0.968577526367149,0.9683333333333334,0.0675760508307973,FULL_11,CatBoost,2027,1,3200,800,15.211803674697876,3.0736474990844727,0.0025012493133544,0.0013835430145263
0.9762379704725516,0.97625,0.97625,0.9767090858989452,0.97625,0.968496780957177,0.9683333333333334,0.0679476962486247,FULL_11,CatBoost,2027,2,3200,800,15.298466444015505,3.2108654975891118,0.0025098323822021,0.001418113708496
0.98248119519497,0.9825,0.9825,0.9824685304632615,0.9825,0.9766687013952474,0.9766666666666668,0.0727836073241986,FULL_11,CatBoost,2027,3,3200,800,15.314426183700562,3.2017529010772705,0.0024499893188476,0.0013763904571533
0.9700342814642592,0.97,0.97,0.9700746268656716,0.97,0.96000200000625,0.96,0.0787025276646561,FULL_11,CatBoost,2027,4,3200,800,13.343827962875366,1.1793262958526611,0.0024077892303466,0.0013258457183837
0.9749578082118135,0.975,0.975,0.9751014540073082,0.975,0.9667291032708334,0.9666666666666668,0.0739806359008521,FULL_11,CatBoost,2027,5,3200,800,15.281008958816528,3.1533849239349365,0.0024628639221191,0.0014076232910156
0.973777727901844,0.97375,0.97375,0.9738233245435096,0.97375,0.9650060313065436,0.965,0.076315103473259,FULL_11,CatBoost,2028,1,3200,800,14.364710569381714,2.3188772201538086,0.002603530883789,0.0019562244415283
0.9824995624890622,0.9825,0.9825,0.9825232523252324,0.9825,0.9766748056572933,0.9766666666666668,0.0499795184753183,FULL_11,CatBoost,2028,2,3200,800,14.318885564804075,2.26936149597168,0.002678632736206,0.0019052028656005
0.974942353851438,0.975,0.975,0.975430860053798,0.975,0.9668499826876964,0.9666666666666668,0.0666586880634118,FULL_11,CatBoost,2028,3,3200,800,18.403719425201416,6.254661560058594,0.0027658939361572,0.0020873546600341
0.9762427243343272,0.97625,0.97625,0.976527496182824,0.97625,0.968432199166866,0.9683333333333334,0.0649002486690087,FULL_11,CatBoost,2028,4,3200,800,18.483805418014526,6.416070222854614,0.0028843879699707,0.0020952224731445
0.9661817589444972,0.96625,0.96625,0.9665434218857384,0.96625,0.9551452727245138,0.955,0.0821598455523074,FULL_11,CatBoost,2028,5,3200,800,13.355252742767334,1.1754803657531738,0.0024154186248779,0.0013806819915771
0.9749759008276864,0.975,0.975,0.9751662746471824,0.975,0.9667391748239365,0.9666666666666668,0.1972844779927428,FULL_11,KNN,2026,1,3200,800,0.4190168380737304,0.0076315402984619,0.0146865844726562,0.0144364833831787
0.9712354379404572,0.97125,0.97125,0.9716989403542172,0.97125,0.9618289890056644,0.9616666666666668,0.1967362198039908,FULL_11,KNN,2026,2,3200,800,0.4140305519104004,0.0075118541717529,0.0145111083984375,0.0132122039794921
0.9774744386404552,0.9775,0.9775,0.9787071767941986,0.9775,0.9704266771942296,0.97,0.1521764166174801,FULL_11,KNN,2026,3,3200,800,0.4114041328430176,0.00738525390625,0.0151715278625488,0.0148429870605468
0.971109289563628,0.97125,0.97125,0.9721662954266496,0.97125,0.9620656057462784,0.9616666666666668,0.2877234856482408,FULL_11,KNN,2026,4,3200,800,0.4067583084106445,0.0080459117889404,0.014158010482788,0.0127475261688232
0.9673363819489508,0.9675,0.9675,0.968535012532135,0.9675,0.957121407361741,0.9566666666666668,0.1657803636499178,FULL_11,KNN,2026,5,3200,800,0.4011487960815429,0.0109097957611083,0.0167582035064697,0.01786470413208
0.9648457207690484,0.965,0.965,0.96694495558736,0.965,0.9540909438160736,0.9533333333333334,0.2376096580369397,FULL_11,KNN,2027,1,3200,800,0.3737845420837402,0.0111415386199951,0.0151841640472412,0.013031005859375
0.9661228602213664,0.96625,0.96625,0.9666078136635718,0.96625,0.9552049930678372,0.955,0.4941644339035702,FULL_11,KNN,2027,2,3200,800,0.3634438514709472,0.0078763961791992,0.0192916393280029,0.0190906524658203
0.976212628286409,0.97625,0.97625,0.976301467774251,0.97625,0.9683757006970451,0.9683333333333334,0.1519311528818494,FULL_11,KNN,2027,3,3200,800,0.3586688041687011,0.0073144435882568,0.0149500370025634,0.0147857666015625
0.9662583615901577,0.96625,0.96625,0.9671175199344212,0.96625,0.9552926031714448,0.955,0.2894967717897624,FULL_11,KNN,2027,4,3200,800,0.3595809936523437,0.0073506832122802,0.0123498439788818,0.0120661258697509
0.96870228864485,0.96875,0.96875,0.968778843339862,0.96875,0.9583752631683322,0.9583333333333334,0.1974480094285548,FULL_11,KNN,2027,5,3200,800,0.3587014675140381,0.0090639591217041,0.0249121189117431,0.0303902626037597
0.971311933094266,0.97125,0.97125,0.9715329456409244,0.97125,0.9617207649812548,0.9616666666666668,0.2776657765063076,FULL_11,KNN,2028,1,3200,800,0.3608338832855224,0.0074160099029541,0.0122604370117187,0.0119869709014892
0.9774977497749776,0.9775,0.9775,0.977591036414566,0.9775,0.9700323349500898,0.97,0.2785515322555269,FULL_11,KNN,2028,2,3200,800,0.3778500556945801,0.0076141357421875,0.0129504203796386,0.011937141418457
0.977422510115533,0.9775,0.9775,0.9778952129305626,0.9775,0.9701839481452402,0.97,0.1081994782118251,FULL_11,KNN,2028,3,3200,800,0.3445315361022949,0.0074963569641113,0.0150058269500732,0.0148923397064208
0.9711691629034336,0.97125,0.97125,0.9720245571155424,0.97125,0.9619813662134404,0.9616666666666668,0.1616787330135364,FULL_11,KNN,2028,4,3200,800,0.322253942489624,0.0073816776275634,0.0163352489471435,0.016258955001831
0.9660297247398189,0.96625,0.96625,0.9682206530900276,0.96625,0.9558028132678872,0.955,0.412161649104671,FULL_11,KNN,2028,5,3200,800,0.3218905925750732,0.0073075294494628,0.0123963356018066,0.0115034580230712
0.966124708549241,0.96625,0.96625,0.9669277339465522,0.96625,0.9553125179207996,0.955,0.1153091400945767,FULL_11,LDA_Shrinkage,2026,1,3200,800,0.0151300430297851,0.0151300430297851,0.0017714500427246,0.0018351078033447
0.9712411926152384,0.97125,0.97125,0.9715213636704964,0.97125,0.961764851840416,0.9616666666666668,0.0864000511757213,FULL_11,LDA_Shrinkage,2026,2,3200,800,0.0123205184936523,0.0123205184936523,0.001781940460205,0.0018031597137451
0.9837417692706932,0.98375,0.98375,0.9842243042160376,0.98375,0.9784984688844456,0.9783333333333332,0.0645607458163348,FULL_11,LDA_Shrinkage,2026,3,3200,800,0.0121111869812011,0.0121111869812011,0.0017969608306884,0.0018105506896972
0.9635097287519164,0.96375,0.96375,0.9640679238202458,0.96375,0.951930467286086,0.9516666666666668,0.1178478328781103,FULL_11,LDA_Shrinkage,2026,4,3200,800,0.0120289325714111,0.0120289325714111,0.0017361640930175,0.0017883777618408
0.9522251184270036,0.9525,0.9525,0.954061449722954,0.9525,0.9373777812173364,0.9366666666666666,0.1239473200930242,FULL_11,LDA_Shrinkage,2026,5,3200,800,0.0119757652282714,0.0119757652282714,0.0018253326416015,0.0017845630645751
0.972403039527186,0.9725,0.9725,0.9737498993908114,0.9725,0.9638173715162212,0.9633333333333334,0.1024030806212348,FULL_11,LDA_Shrinkage,2027,1,3200,800,0.0119938850402832,0.0119938850402832,0.0017151832580566,0.001800537109375
0.9609841801021516,0.96125,0.96125,0.962654213775376,0.96125,0.9489800463516186,0.9483333333333334,0.0960277058743488,FULL_11,LDA_Shrinkage,2027,2,3200,800,0.0120942592620849,0.0120942592620849,0.0017867088317871,0.0018196105957031
0.9649310795831127,0.965,0.965,0.9650444971521572,0.965,0.9533949087429598,0.9533333333333334,0.1012756555547599,FULL_11,LDA_Shrinkage,2027,3,3200,800,0.011796236038208,0.011796236038208,0.0016863346099853,0.0017750263214111
0.9661436079792364,0.96625,0.96625,0.967283624816056,0.96625,0.9554200790932876,0.955,0.1143657174308643,FULL_11,LDA_Shrinkage,2027,4,3200,800,0.0122542381286621,0.0122542381286621,0.0017259120941162,0.0017175674438476
0.9699426720267476,0.97,0.97,0.9702236102098204,0.97,0.9601140203102696,0.96,0.0965936123780115,FULL_11,LDA_Shrinkage,2027,5,3200,800,0.012009859085083,0.012009859085083,0.0017616748809814,0.0018298625946044
0.9662583615901577,0.96625,0.96625,0.9671175199344212,0.96625,0.9552926031714448,0.955,0.1054135833430919,FULL_11,LDA_Shrinkage,2028,1,3200,800,0.0118584632873535,0.0118584632873535,0.0018086433410644,0.0017504692077636
0.9725066355199912,0.9725,0.9725,0.9729428329346091,0.9725,0.9634798737081482,0.9633333333333334,0.0767564678570593,FULL_11,LDA_Shrinkage,2028,2,3200,800,0.0117933750152587,0.0117933750152587,0.0016989707946777,0.0017716884613037
0.9774138357983836,0.9775,0.9775,0.9778385176574338,0.9775,0.9701697945723756,0.97,0.0854637771708112,FULL_11,LDA_Shrinkage,2028,3,3200,800,0.0120353698730468,0.0120353698730468,0.0017225742340087,0.001749038696289
0.9647766192368776,0.965,0.965,0.9658527753226004,0.965,0.953764611927287,0.9533333333333334,0.0951521347448481,FULL_11,LDA_Shrinkage,2028,4,3200,800,0.0121142864227294,0.0121142864227294,0.0017342567443847,0.0018014907836914
0.9547256708914378,0.955,0.955,0.9557231570331536,0.955,0.9404252467255068,0.94,0.1510020764383891,FULL_11,LDA_Shrinkage,2028,5,3200,800,0.0124115943908691,0.0124115943908691,0.0017569065093994,0.0018842220306396
0.9774554409005628,0.9775,0.9775,0.9780106516290727,0.9775,0.9702021465063104,0.97,0.084845423628377,FULL_11,LDA,2026,1,3200,800,0.0274608135223388,0.0274608135223388,0.0020999908447265,0.0018901824951171
0.9799994999874996,0.98,0.98,0.98002300230023,0.98,0.9733414445458348,0.9733333333333334,0.0635829857403982,FULL_11,LDA,2026,2,3200,800,0.0097148418426513,0.0097148418426513,0.002378225326538,0.0024049282073974
0.9850024636292336,0.985,0.985,0.9852644554011654,0.985,0.9800878034654334,0.98,0.069242392503438,FULL_11,LDA,2026,3,3200,800,0.0068974494934082,0.0068974494934082,0.001746654510498,0.0017330646514892
0.9749272497141372,0.975,0.975,0.9750237417616838,0.975,0.9667230604900632,0.9666666666666668,0.1094141337376357,FULL_11,LDA,2026,4,3200,800,0.0067279338836669,0.0067279338836669,0.0018775463104248,0.0017614364624023
0.964898017911725,0.965,0.965,0.9658734383511792,0.965,0.9536969996515624,0.9533333333333334,0.0951797620654408,FULL_11,LDA,2026,5,3200,800,0.0070972442626953,0.0070972442626953,0.0017652511596679,0.0018010139465332
0.973674744800526,0.97375,0.97375,0.974540700794283,0.97375,0.9653157903597608,0.965,0.0772267202599337,FULL_11,LDA,2027,1,3200,800,0.0068511962890625,0.0068511962890625,0.0017416477203369,0.0017225742340087
0.9787117306261296,0.97875,0.97875,0.9791603309201132,0.97875,0.9718306769329332,0.9716666666666668,0.0686499281799175,FULL_11,LDA,2027,2,3200,800,0.0068175792694091,0.0068175792694091,0.0016679763793945,0.0016968250274658
0.976212628286409,0.97625,0.97625,0.976301467774251,0.97625,0.9683757006970451,0.9683333333333334,0.0751750972278791,FULL_11,LDA,2027,3,3200,800,0.0077235698699951,0.0077235698699951,0.0017821788787841,0.0018916130065917
0.97499437373409,0.975,0.975,0.9752026824141729,0.975,0.9667391748239365,0.9666666666666668,0.1084495410218185,FULL_11,LDA,2027,4,3200,800,0.006737470626831,0.006737470626831,0.0016722679138183,0.0016894340515136
0.9774764634542772,0.9775,0.9775,0.9776685266740066,0.9775,0.9700727581853982,0.97,0.094443240849535,FULL_11,LDA,2027,5,3200,800,0.0078866481781005,0.0078866481781005,0.0018770694732666,0.001981496810913
0.9712503631836144,0.97125,0.97125,0.9721104404202996,0.97125,0.9619613124431478,0.9616666666666668,0.1176199976606249,FULL_11,LDA,2028,1,3200,800,0.0069692134857177,0.0069692134857177,0.0016918182373046,0.0017340183258056
0.983761293024816,0.98375,0.98375,0.983850900766398,0.98375,0.9783598309375812,0.9783333333333332,0.0539860319704399,FULL_11,LDA,2028,2,3200,800,0.0068588256835937,0.0068588256835937,0.0016522407531738,0.0017175674438476
0.9774138357983836,0.9775,0.9775,0.9778385176574338,0.9775,0.9701697945723756,0.97,0.069027441385288,FULL_11,LDA,2028,3,3200,800,0.0067958831787109,0.0067958831787109,0.0016963481903076,0.0018007755279541
0.9799874921826142,0.98,0.98,0.9805764411027568,0.98,0.9735361745011776,0.9733333333333334,0.0726053071586724,FULL_11,LDA,2028,4,3200,800,0.0078804492950439,0.0078804492950439,0.0017116069793701,0.0017616748809814
0.969913931123395,0.97,0.97,0.969995441781898,0.97,0.9600560049004764,0.96,0.1197823933027892,FULL_11,LDA,2028,5,3200,800,0.0070941448211669,0.0070941448211669,0.001842975616455,0.0018177032470703
0.9724986345582796,0.9725,0.9725,0.9728030953868584,0.9725,0.9634377114061876,0.9633333333333334,0.1458431592866723,FULL_11,QDA,2026,1,3200,800,2.2764248847961426,0.0084509849548339,0.0031473636627197,0.0027871131896972
0.9663599233774672,0.96625,0.96625,0.9665951709768354,0.96625,0.9550417839920944,0.955,0.1269973737595626,FULL_11,QDA,2026,2,3200,800,0.0666010379791259,0.0055024623870849,0.0020077228546142,0.0019145011901855
0.9824986518864398,0.9825,0.9825,0.982935855263158,0.9825,0.9768152352819636,0.9766666666666668,0.0923658923078561,FULL_11,QDA,2026,3,3200,800,0.0660481452941894,0.0067334175109863,0.0025422573089599,0.0021159648895263
0.9686776032266112,0.96875,0.96875,0.9696080679677608,0.96875,0.9586729234734704,0.9583333333333334,0.0904926119416889,FULL_11,QDA,2026,4,3200,800,0.0656573772430419,0.0061187744140625,0.002103567123413,0.0019402503967285
0.9612494048045984,0.96125,0.96125,0.9618339644925704,0.96125,0.9485349184241904,0.9483333333333334,0.1356195739124131,FULL_11,QDA,2026,5,3200,800,0.0647034645080566,0.006143569946289,0.0021393299102783,0.0020289421081542
0.978675761815738,0.97875,0.97875,0.97988150306814,0.97875,0.9720940769832228,0.9716666666666668,0.0629793776533511,FULL_11,QDA,2027,1,3200,800,0.0666658878326416,0.0056004524230957,0.0020647048950195,0.0027682781219482
0.9637993760734236,0.96375,0.96375,0.96461052528083,0.96375,0.951930467286086,0.9516666666666668,0.093909886554852,FULL_11,QDA,2027,2,3200,800,0.0686762332916259,0.0057024955749511,0.0031101703643798,0.0029711723327636
0.9750559076476912,0.975,0.975,0.9751361386138614,0.975,0.966674722322918,0.9666666666666668,0.1673560358466194,FULL_11,QDA,2027,3,3200,800,0.0686430931091308,0.0058891773223876,0.0021073818206787,0.0023055076599121
0.9650329171992366,0.965,0.965,0.9655505952380952,0.965,0.9535002104731938,0.9533333333333334,0.1051301068836255,FULL_11,QDA,2027,4,3200,800,0.0719978809356689,0.0058538913726806,0.0020828247070312,0.001981496810913
0.9725202360592788,0.9725,0.9725,0.972758619007082,0.9725,0.9634075988648402,0.9633333333333334,0.1519642502986815,FULL_11,QDA,2027,5,3200,800,0.0689446926116943,0.0089168548583984,0.0034644603729248,0.0031688213348388
0.965176610792546,0.965,0.965,0.9658106435643564,0.965,0.9534823265878702,0.9533333333333334,0.3178895470184639,FULL_11,QDA,2028,1,3200,800,0.0778498649597168,0.0061917304992675,0.0029616355895996,0.002753734588623
0.9750829645378128,0.975,0.975,0.9752438663907774,0.975,0.9666928482858552,0.9666666666666668,0.0954350466225263,FULL_11,QDA,2028,2,3200,800,0.0659136772155761,0.0054762363433837,0.0020337104797363,0.0019118785858154
0.9749591553279604,0.975,0.975,0.9755770934994252,0.975,0.9668902859042466,0.9666666666666668,0.0950782250350164,FULL_11,QDA,2028,3,3200,800,0.0661172866821289,0.0057680606842041,0.0020804405212402,0.0023484230041503
0.9712906422433404,0.97125,0.97125,0.971553325901152,0.97125,0.9617428076529726,0.9616666666666668,0.0954943210966991,FULL_11,QDA,2028,4,3200,800,0.0809862613677978,0.0063841342926025,0.0021398067474365,0.0019891262054443
0.96359901111204,0.96375,0.96375,0.96431771696824,0.96375,0.9519582485355932,0.9516666666666668,0.0877994783328532,FULL_11,QDA,2028,5,3200,800,0.0781550407409668,0.006920576095581,0.0020482540130615,0.0018603801727294
0.972499312482812,0.9725,0.9725,0.9725222522252224,0.9725,0.9633413612114596,0.9633333333333334,0.0739398357574654,FULL_11,RandomForest,2026,1,3200,800,18.91876554489136,7.95487380027771,0.0525879859924316,0.052729845046997
0.962499062476562,0.9625,0.9625,0.9625212521252126,0.9625,0.9500079167656263,0.95,0.081934376427882,FULL_11,RandomForest,2026,2,3200,800,19.555745363235477,8.117421627044678,0.05196213722229,0.0517985820770263
0.978739236738599,0.97875,0.97875,0.9792141586713096,0.97875,0.9718306769329332,0.9716666666666668,0.0630062698192336,FULL_11,RandomForest,2026,3,3200,800,15.1574125289917,4.0264763832092285,0.027543306350708,0.0273091793060302
0.9774859287054408,0.9775,0.9775,0.9780701754385964,0.9775,0.9702021465063104,0.97,0.0739421593295177,FULL_11,RandomForest,2026,4,3200,800,13.41166925430298,2.11452317237854,0.0284051895141601,0.0281884670257568
0.973730133413394,0.97375,0.97375,0.9744288974146794,0.97375,0.9652433524381744,0.965,0.0703174348202785,FULL_11,RandomForest,2026,5,3200,800,15.293092012405396,4.249235391616821,0.0539989471435546,0.054718017578125
0.9687263493016594,0.96875,0.96875,0.9694137265227312,0.96875,0.9585750045802248,0.9583333333333334,0.0759059015607565,FULL_11,RandomForest,2027,1,3200,800,15.407763481140137,4.273417711257935,0.0566663742065429,0.0565817356109619
0.9724889955982392,0.9725,0.9725,0.9728565705128204,0.9725,0.9634618034723766,0.9633333333333334,0.0792229193677259,FULL_11,RandomForest,2027,2,3200,800,13.461280822753906,2.096131563186645,0.0284304618835449,0.0279796123504638
0.9799994999874996,0.98,0.98,0.98002300230023,0.98,0.9733414445458348,0.9733333333333334,0.0569513722318295,FULL_11,RandomForest,2027,3,3200,800,15.272599935531616,4.038852214813232,0.027651309967041,0.0277817249298095
0.9699932484809082,0.97,0.97,0.9701981783605244,0.97,0.9600720081010128,0.96,0.081830186715501,FULL_11,RandomForest,2027,4,3200,800,13.132779359817505,2.0522072315216064,0.027982473373413,0.0281674861907959
0.9762462884825752,0.97625,0.97625,0.9763914946841776,0.97625,0.9683837713016116,0.9683333333333334,0.0671137508563623,FULL_11,RandomForest,2027,5,3200,800,13.360217094421388,2.114290475845337,0.0292847156524658,0.0290961265563964
0.9675,0.9675,0.9675,0.9675,0.9675,0.9566666666666668,0.9566666666666668,0.0858170521196219,FULL_11,RandomForest,2028,1,3200,800,15.17497205734253,4.151578664779663,0.0551249980926513,0.0559790134429931
0.97874880462026,0.97875,0.97875,0.9788014803330748,0.97875,0.9716848859290852,0.9716666666666668,0.0591420400410046,FULL_11,RandomForest,2028,2,3200,800,15.063235759735107,3.9832217693328857,0.0267634391784667,0.026883840560913
0.9749843652282676,0.975,0.975,0.9755639097744362,0.975,0.9668681185114434,0.9666666666666668,0.062996425328394,FULL_11,RandomForest,2028,3,3200,800,18.780078887939453,7.790697336196899,0.0517370700836181,0.051908254623413
0.9774909963985594,0.9775,0.9775,0.9778645833333334,0.9775,0.9701293592057496,0.97,0.0715366181426319,FULL_11,RandomForest,2028,4,3200,800,15.4097421169281,4.136081218719482,0.0577104091644287,0.0575952529907226
0.9699729756781104,0.97,0.97,0.970794861501405,0.97,0.960288129664834,0.96,0.0812561824243874,FULL_11,RandomForest,2028,5,3200,800,15.016244411468506,4.107957124710083,0.0567975044250488,0.0558376312255859
0.9887465536320498,0.98875,0.98875,0.9890428274636428,0.98875,0.9851005674829912,0.985,0.0342632497140866,FULL_11,TabPFN,2026,1,3200,800,10.497179746627808,10.497179746627808,2.664503812789917,1.4050695896148682
0.97874667916862,0.97875,0.97875,0.9788930581613507,0.97875,0.9717172782596204,0.9716666666666668,0.0427328187598616,FULL_11,TabPFN,2026,2,3200,800,2.262617349624634,2.262617349624634,1.3914151191711426,1.3968467712402344
0.9924992499249924,0.9925,0.9925,0.9925970388155262,0.9925,0.9900330016500916,0.99,0.0263633204900548,FULL_11,TabPFN,2026,3,3200,800,1.9218618869781492,1.9218618869781492,1.388455867767334,1.3956298828125
0.9874971868670452,0.9875,0.9875,0.9877139425482936,0.9875,0.9834070916312456,0.9833333333333332,0.0341951304733281,FULL_11,TabPFN,2026,4,3200,800,2.239971876144409,2.239971876144409,1.3993289470672607,1.4169409275054932
0.984998499849985,0.985,0.985,0.985094037615046,0.985,0.9800326683000908,0.98,0.0389745651644316,FULL_11,TabPFN,2026,5,3200,800,2.016317844390869,2.016317844390869,1.4011023044586182,1.394648551940918
0.9874971868670452,0.9875,0.9875,0.9877139425482936,0.9875,0.9834070916312456,0.9833333333333332,0.027816176867028,FULL_11,TabPFN,2027,1,3200,800,1.9578895568847656,1.9578895568847656,1.390162706375122,1.3892173767089844
0.98999899989999,0.99,0.99,0.9900960384153662,0.99,0.9866995572000914,0.9866666666666668,0.0355561479828629,FULL_11,TabPFN,2027,2,3200,800,1.987531900405884,1.987531900405884,1.385244607925415,1.3912253379821775
0.9874996874921872,0.9875,0.9875,0.9875237523752376,0.9875,0.9833415278802098,0.9833333333333332,0.0300492587290213,FULL_11,TabPFN,2027,3,3200,800,1.9805984497070312,1.9805984497070312,1.3858590126037598,1.3896443843841553
0.9812470698546648,0.98125,0.98125,0.981394621638524,0.98125,0.9750507852176296,0.975,0.0418413741858268,FULL_11,TabPFN,2027,4,3200,800,1.9600849151611328,1.9600849151611328,1.384258508682251,1.393781661987305
0.9874987498749874,0.9875,0.9875,0.987595038015206,0.9875,0.983366112750091,0.9833333333333332,0.0405569296570841,FULL_11,TabPFN,2027,5,3200,800,2.0600268840789795,2.0600268840789795,1.3828496932983398,1.3844752311706543
0.9874949979991996,0.9875,0.9875,0.9878806089743588,0.9875,0.9834644706724952,0.9833333333333332,0.036831725143045,FULL_11,TabPFN,2028,1,3200,800,1.94910740852356,1.94910740852356,1.3825781345367432,1.3856205940246582
0.9887499296870604,0.98875,0.98875,0.9887559688992223,0.98875,0.985002052089746,0.985,0.0279561734542383,FULL_11,TabPFN,2028,2,3200,800,1.9593191146850584,1.9593191146850584,1.3890912532806396,1.3847415447235107
0.9874996874921872,0.9875,0.9875,0.9875237523752376,0.9875,0.9833415278802098,0.9833333333333332,0.0378732012005305,FULL_11,TabPFN,2028,3,3200,800,1.9632203578948972,1.9632203578948972,1.3837120532989502,1.3798670768737793
0.9887443018027876,0.98875,0.98875,0.9892344497607656,0.98875,0.985166260835958,0.985,0.0312603692663416,FULL_11,TabPFN,2028,4,3200,800,2.2425262928009038,2.2425262928009038,1.3787264823913574,1.3839194774627686
0.9799994999874996,0.98,0.98,0.98002300230023,0.98,0.9733414445458348,0.9733333333333334,0.0443210801050463,FULL_11,TabPFN,2028,5,3200,800,2.276808500289917,2.276808500289917,1.379828691482544,1.3862180709838867
0.9737458977965308,0.97375,0.97375,0.9738899312070044,0.97375,0.9650502643436024,0.965,0.0872597362827932,REDUCED_7,CatBoost,2026,1,3200,800,12.111597776412964,4.093268156051636,0.0027492046356201,0.0020041465759277
0.9699992499812496,0.97,0.97,0.97002200220022,0.97,0.9600080001000014,0.96,0.0918504485641652,REDUCED_7,CatBoost,2026,2,3200,800,9.072436332702637,0.8448662757873535,0.0022332668304443,0.0012836456298828
0.9762320254692612,0.97625,0.97625,0.9769364828606536,0.97625,0.968577526367149,0.9683333333333334,0.0693560837563614,REDUCED_7,CatBoost,2026,3,3200,800,9.643083333969116,1.701685905456543,0.0024282932281494,0.001720905303955
0.9724938111074992,0.9725,0.9725,0.9727004303873488,0.9725,0.9634055914624744,0.9633333333333334,0.0801387578631689,REDUCED_7,CatBoost,2026,4,3200,800,9.778241634368896,2.0588529109954834,0.0023095607757568,0.0013918876647949
0.9749774797317584,0.975,0.975,0.975812926535528,0.975,0.9669567972319508,0.9666666666666668,0.080885770605378,REDUCED_7,CatBoost,2026,5,3200,800,12.402401685714722,4.169460535049439,0.0026183128356933,0.0019478797912597
0.9724662711821982,0.9725,0.9725,0.9735956185308008,0.9725,0.963726935542211,0.9633333333333334,0.0843055048327554,REDUCED_7,CatBoost,2027,1,3200,800,10.033358573913574,1.7037956714630127,0.0034558773040771,0.0018763542175292
0.9712354379404572,0.97125,0.97125,0.9716989403542172,0.97125,0.9618289890056644,0.9616666666666668,0.0806909515261504,REDUCED_7,CatBoost,2027,2,3200,800,9.483562707901,1.6838345527648926,0.0028192996978759,0.001723289489746
0.9762486639873492,0.97625,0.97625,0.976300917706484,0.97625,0.968351490093994,0.9683333333333334,0.0764629530606364,REDUCED_7,CatBoost,2027,3,3200,800,9.59361696243286,1.7205443382263184,0.0024404525756835,0.0018236637115478
0.9699932484809082,0.97,0.97,0.9701981783605244,0.97,0.9600720081010128,0.96,0.0883016178444457,REDUCED_7,CatBoost,2027,4,3200,800,10.199504613876345,1.7207870483398438,0.0025241374969482,0.0017693042755126
0.9812442560534164,0.98125,0.98125,0.9815336286951516,0.98125,0.975099546493316,0.975,0.069693848003104,REDUCED_7,CatBoost,2027,5,3200,800,9.823239803314207,1.7380177974700928,0.002455711364746,0.001734972000122
0.9749993749843746,0.975,0.975,0.975022502250225,0.975,0.966674722322918,0.9666666666666668,0.0857421991754889,REDUCED_7,CatBoost,2028,1,3200,800,8.654128313064575,0.8496084213256836,0.0022721290588378,0.0013034343719482
0.9774949363606812,0.9775,0.9775,0.9777049344409968,0.9775,0.9700727581853982,0.97,0.0642613046751371,REDUCED_7,CatBoost,2028,2,3200,800,9.970755338668823,1.702157735824585,0.0028471946716308,0.0018329620361328
0.9737419584747828,0.97375,0.97375,0.9740244299266602,0.97375,0.9650985255036412,0.965,0.0712580286440892,REDUCED_7,CatBoost,2028,3,3200,800,12.39473581314087,4.195548057556152,0.0034000873565673,0.0020363330841064
0.98123017437168,0.98125,0.98125,0.982231176721649,0.98125,0.9753434626518608,0.975,0.0693788226436708,REDUCED_7,CatBoost,2028,4,3200,800,8.95677924156189,0.8603065013885498,0.0022790431976318,0.0012280941009521
0.963738895036605,0.96375,0.96375,0.9640121649020048,0.96375,0.951763830850741,0.9516666666666668,0.0902237193967279,REDUCED_7,CatBoost,2028,5,3200,800,9.717678308486938,1.6997783184051514,0.0025768280029296,0.0016620159149169
0.952347818643652,0.9525,0.9525,0.9535780085920248,0.9525,0.9371373058687134,0.9366666666666666,0.779974294673423,REDUCED_7,KNN,2026,1,3200,800,0.2080097198486328,0.006080150604248,0.0068364143371582,0.0058062076568603
0.949938674876724,0.95,0.95,0.9509848256456638,0.95,0.933714678033976,0.9333333333333332,0.4707610202579718,REDUCED_7,KNN,2026,2,3200,800,0.2178235054016113,0.0061919689178466,0.0061829090118408,0.0059449672698974
0.9537010967834776,0.95375,0.95375,0.954614496246642,0.95375,0.9386638794410216,0.9383333333333334,0.3528338723834804,REDUCED_7,KNN,2026,3,3200,800,0.2130451202392578,0.0061452388763427,0.0069048404693603,0.0067489147186279
0.9586797586937406,0.95875,0.95875,0.9588585882399464,0.95875,0.9450846676273824,0.945,0.553509549813714,REDUCED_7,KNN,2026,4,3200,800,0.2137784957885742,0.0060391426086425,0.0061697959899902,0.0058279037475585
0.9498985445527192,0.95,0.95,0.9516332291561648,0.95,0.9339639719267916,0.9333333333333332,0.5201880009051133,REDUCED_7,KNN,2026,5,3200,800,0.2191965579986572,0.0061919689178466,0.0063881874084472,0.0063323974609375
0.9523001862884556,0.9525,0.9525,0.954292748585838,0.9525,0.9374110322108976,0.9366666666666666,0.5231039749799062,REDUCED_7,KNN,2027,1,3200,800,0.2333812713623047,0.0060195922851562,0.0071086883544921,0.0067543983459472
0.9524702939337084,0.9525,0.9525,0.9530075187969924,0.9525,0.93686186655764,0.9366666666666666,0.6051745567751021,REDUCED_7,KNN,2027,2,3200,800,0.2365272045135498,0.0063040256500244,0.0063180923461914,0.0061759948730468
0.956142350553682,0.95625,0.95625,0.9560759053403636,0.95625,0.9416803996059644,0.9416666666666668,0.7293815886715973,REDUCED_7,KNN,2027,3,3200,800,0.2308952808380127,0.0063259601593017,0.0063502788543701,0.0059709548950195
0.958706383617696,0.95875,0.95875,0.9596357108784614,0.95875,0.9453328945702651,0.945,0.3552754176267377,REDUCED_7,KNN,2027,4,3200,800,0.2412090301513672,0.0064921379089355,0.007014513015747,0.0066926479339599
0.9549278846153846,0.955,0.955,0.9563204508856684,0.955,0.9405017347568368,0.94,0.5539267755735092,REDUCED_7,KNN,2027,5,3200,800,0.2285337448120117,0.0067121982574462,0.0061497688293457,0.005861759185791
0.9474158653846154,0.9475,0.9475,0.9487721417069244,0.9475,0.9304963971530406,0.93,0.7821635349879666,REDUCED_7,KNN,2028,1,3200,800,0.2370505332946777,0.006166934967041,0.0062861442565917,0.0060205459594726
0.9511984533663682,0.95125,0.95125,0.9521038889307324,0.95125,0.9353293718764,0.935,0.5197665831660256,REDUCED_7,KNN,2028,2,3200,800,0.2304158210754394,0.0062251091003417,0.007153034210205,0.0061821937561035
0.9586053193988318,0.95875,0.95875,0.9600494793790608,0.95875,0.9455379277131069,0.945,0.598382762367002,REDUCED_7,KNN,2028,3,3200,800,0.2382233142852783,0.0061931610107421,0.0075736045837402,0.0065448284149169
0.9460392156862744,0.94625,0.94625,0.9493650793650794,0.94625,0.9295444667033224,0.9283333333333332,0.242506534994145,REDUCED_7,KNN,2028,4,3200,800,0.2302525043487548,0.0064258575439453,0.0120594501495361,0.0116827487945556
0.9373321219652196,0.9375,0.9375,0.9381776939925542,0.9375,0.91701634581881,0.9166666666666666,0.7502380207022072,REDUCED_7,KNN,2028,5,3200,800,0.2264754772186279,0.0060813426971435,0.009110689163208,0.0081377029418945
0.9812405030046462,0.98125,0.98125,0.9817192314436736,0.98125,0.9751645729086892,0.975,0.0611337819138564,REDUCED_7,LDA_SVM,2026,1,3200,800,2.0411977767944336,0.1315035820007324,0.0095438957214355,0.009913682937622
0.9837490858860812,0.98375,0.98375,0.983802605586257,0.98375,0.9783516775992674,0.9783333333333332,0.0605701492452247,REDUCED_7,LDA_SVM,2026,2,3200,800,1.918220043182373,0.1781988143920898,0.0094828605651855,0.0097770690917968
0.9849906191369606,0.985,0.985,0.9855889724310776,0.985,0.9802042304909117,0.98,0.0539422094792691,REDUCED_7,LDA_SVM,2026,3,3200,800,1.8873655796051023,0.1309971809387207,0.0096948146820068,0.0100102424621582
0.9824890556597874,0.9825,0.9825,0.9830827067669172,0.9825,0.9768702024960444,0.9766666666666668,0.0699544712231101,REDUCED_7,LDA_SVM,2026,4,3200,800,1.941749095916748,0.1536383628845214,0.0089921951293945,0.0091798305511474
0.9724828017510944,0.9725,0.9725,0.9730576441102756,0.9725,0.9635340905165763,0.9633333333333334,0.0773824373191497,REDUCED_7,LDA_SVM,2026,5,3200,800,1.9063193798065183,0.1545462608337402,0.0087664127349853,0.0091068744659423
0.9774724036945256,0.9775,0.9775,0.9786202391719424,0.9775,0.9703963260995964,0.97,0.0675495976363143,REDUCED_7,LDA_SVM,2027,1,3200,800,1.905447244644165,0.1362280845642089,0.0095417499542236,0.009784460067749
0.9824929971988796,0.9825,0.9825,0.982872596153846,0.9825,0.9767969149391224,0.9766666666666668,0.0560796497475057,REDUCED_7,LDA_SVM,2027,2,3200,800,2.1056926250457764,0.1634728908538818,0.0093965530395507,0.0096781253814697
0.9862478512267542,0.98625,0.98625,0.9863977485928704,0.98625,0.9817177991336477,0.9816666666666668,0.0567694735878672,REDUCED_7,LDA_SVM,2027,3,3200,800,2.074871778488159,0.1631379127502441,0.0091936588287353,0.0095844268798828
0.9774949363606812,0.9775,0.9775,0.9777049344409968,0.9775,0.9700727581853982,0.97,0.0762058147052133,REDUCED_7,LDA_SVM,2027,4,3200,800,1.854618787765503,0.1474080085754394,0.008774995803833,0.009002685546875
0.9812489452531704,0.98125,0.98125,0.981302042959666,0.98125,0.9750182817641764,0.975,0.0727344233681471,REDUCED_7,LDA_SVM,2027,5,3200,800,1.883662462234497,0.1145565509796142,0.0103762149810791,0.01066255569458
0.9812358095809957,0.98125,0.98125,0.9819516537526016,0.98125,0.9752458742250985,0.975,0.0671954895725197,REDUCED_7,LDA_SVM,2028,1,3200,800,1.8793814182281492,0.169062852859497,0.0086736679077148,0.0090622901916503
0.9862492265189916,0.98625,0.98625,0.986303168212848,0.98625,0.9816850734343586,0.9816666666666668,0.0489413694749742,REDUCED_7,LDA_SVM,2028,2,3200,800,1.942575216293335,0.16264009475708,0.0096621513366699,0.0098958015441894
0.9824929971988796,0.9825,0.9825,0.982872596153846,0.9825,0.9767969149391224,0.9766666666666668,0.0591721710855507,REDUCED_7,LDA_SVM,2028,3,3200,800,1.990440368652344,0.1687953472137451,0.0091943740844726,0.0093576908111572
0.9824890556597874,0.9825,0.9825,0.9830827067669172,0.9825,0.9768702024960444,0.9766666666666668,0.0565697284066176,REDUCED_7,LDA_SVM,2028,4,3200,800,2.0234899520874023,0.1187696456909179,0.0106573104858398,0.0108788013458251
0.9724889955982392,0.9725,0.9725,0.9728565705128204,0.9725,0.9634618034723766,0.9633333333333334,0.0888183165638155,REDUCED_7,LDA_SVM,2028,5,3200,800,1.9590797424316408,0.1488089561462402,0.0083847045898437,0.0085773468017578
0.9685822593597178,0.96875,0.96875,0.9699672483451166,0.96875,0.958850852932893,0.9583333333333334,0.1099602044724177,REDUCED_7,LDA_Shrinkage,2026,1,3200,800,0.0113246440887451,0.0113246440887451,0.0016505718231201,0.0016906261444091
0.9723858392222944,0.9725,0.9725,0.9730186734478918,0.9725,0.963582290919664,0.9633333333333334,0.0853434827260737,REDUCED_7,LDA_Shrinkage,2026,2,3200,800,0.0112082958221435,0.0112082958221435,0.0017497539520263,0.001704454421997
0.982484235812231,0.9825,0.9825,0.9833400240867122,0.9825,0.9769597985826264,0.9766666666666668,0.0617595635251888,REDUCED_7,LDA_Shrinkage,2026,3,3200,800,0.0108888149261474,0.0108888149261474,0.0017321109771728,0.0016884803771972
0.9672481545788074,0.9675,0.9675,0.968257391143496,0.9675,0.9570814918780918,0.9566666666666668,0.117203425498558,REDUCED_7,LDA_Shrinkage,2026,4,3200,800,0.0111730098724365,0.0111730098724365,0.0017061233520507,0.0016210079193115
0.9520891523885712,0.9525,0.9525,0.9546880287562336,0.9525,0.9376693368589444,0.9366666666666666,0.1215699218884953,REDUCED_7,LDA_Shrinkage,2026,5,3200,800,0.0114734172821044,0.0114734172821044,0.0017247200012207,0.0018763542175292
0.9710744273308582,0.97125,0.97125,0.972872920614362,0.97125,0.962322472310868,0.9616666666666668,0.1029401328727891,REDUCED_7,LDA_Shrinkage,2027,1,3200,800,0.0105891227722167,0.0105891227722167,0.0016517639160156,0.00181245803833
0.9646806229205916,0.965,0.965,0.9663943355119826,0.965,0.9540013681851528,0.9533333333333334,0.0986695378827645,REDUCED_7,LDA_Shrinkage,2027,2,3200,800,0.0105133056640625,0.0105133056640625,0.0015981197357177,0.0016589164733886
0.9699032984269365,0.97,0.97,0.970117794546445,0.97,0.960104016903052,0.96,0.0950646268491168,REDUCED_7,LDA_Shrinkage,2027,3,3200,800,0.0109832286834716,0.0109832286834716,0.0016238689422607,0.0016736984252929
0.9635616547480595,0.96375,0.96375,0.9649094265126092,0.96375,0.9521805861298815,0.9516666666666668,0.1085901449035081,REDUCED_7,LDA_Shrinkage,2027,4,3200,800,0.0111160278320312,0.0111160278320312,0.0015723705291748,0.0016360282897949
0.9749219800740906,0.975,0.975,0.975944618117952,0.975,0.9670354192271088,0.9666666666666668,0.0902445081757529,REDUCED_7,LDA_Shrinkage,2027,5,3200,800,0.0108644962310791,0.0108644962310791,0.001704454421997,0.0016806125640869
0.9661097839359708,0.96625,0.96625,0.9680019992288544,0.96625,0.9556831594321225,0.955,0.1028185273382247,REDUCED_7,LDA_Shrinkage,2028,1,3200,800,0.0106978416442871,0.0106978416442871,0.001664400100708,0.0016295909881591
0.9774859287054408,0.9775,0.9775,0.9780701754385964,0.9775,0.9702021465063104,0.97,0.0676080638333772,REDUCED_7,LDA_Shrinkage,2028,2,3200,800,0.0107336044311523,0.0107336044311523,0.0016171932220458,0.0016794204711914
0.9786204603058206,0.97875,0.97875,0.9793459076420536,0.97875,0.9719481674216826,0.9716666666666668,0.084553153075383,REDUCED_7,LDA_Shrinkage,2028,3,3200,800,0.0107777118682861,0.0107777118682861,0.0016438961029052,0.0016663074493408
0.9634620766459656,0.96375,0.96375,0.9646008484206428,0.96375,0.95213690037885,0.9516666666666668,0.0978601725402916,REDUCED_7,LDA_Shrinkage,2028,4,3200,800,0.0108008384704589,0.0108008384704589,0.0016200542449951,0.0016350746154785
0.9584565683554443,0.95875,0.95875,0.9600165400615488,0.95875,0.9456168221447732,0.945,0.1427435868942363,REDUCED_7,LDA_Shrinkage,2028,5,3200,800,0.0110564231872558,0.0110564231872558,0.0016813278198242,0.0016953945159912
0.9812470698546648,0.98125,0.98125,0.981394621638524,0.98125,0.9750507852176296,0.975,0.055459687142872,REDUCED_7,LDA_XGBoost,2026,1,3200,800,4.559592008590698,0.3128964900970459,0.0118684768676757,0.0112500190734863
0.9786915143164724,0.97875,0.97875,0.9787487009405752,0.97875,0.9717051307560426,0.9716666666666668,0.0602407708457723,REDUCED_7,LDA_XGBoost,2026,2,3200,800,4.655383110046387,0.3774731159210205,0.0152149200439453,0.014291763305664
0.9849906191369606,0.985,0.985,0.9855889724310776,0.985,0.9802042304909117,0.98,0.0477001907960951,REDUCED_7,LDA_XGBoost,2026,3,3200,800,4.878778696060181,0.2958405017852783,0.0121424198150634,0.0112571716308593
0.9762462884825752,0.97625,0.97625,0.9763914946841776,0.97625,0.9683837713016116,0.9683333333333334,0.0976744247232546,REDUCED_7,LDA_XGBoost,2026,4,3200,800,4.731696844100952,0.5039551258087158,0.0201530456542968,0.0190696716308593
0.9737597529972212,0.97375,0.97375,0.9741057194101236,0.97375,0.9651146141660524,0.965,0.0676065326277411,REDUCED_7,LDA_XGBoost,2026,5,3200,800,4.547041893005371,0.2948999404907226,0.0127274990081787,0.0114367008209228
0.976229966557783,0.97625,0.97625,0.9772977160277876,0.97625,0.968702721674052,0.9683333333333334,0.0578400100010339,REDUCED_7,LDA_XGBoost,2027,1,3200,800,4.935917139053345,0.3010904788970947,0.0122022628784179,0.0113527774810791
0.9762427243343272,0.97625,0.97625,0.976527496182824,0.97625,0.968432199166866,0.9683333333333334,0.0598762102890165,REDUCED_7,LDA_XGBoost,2027,2,3200,800,4.644684791564941,0.3763928413391113,0.0150432586669921,0.014402151107788
0.979995498987272,0.98,0.98,0.980207186467821,0.98,0.97340634154686,0.9733333333333334,0.0501861257812664,REDUCED_7,LDA_XGBoost,2027,3,3200,800,4.480146408081055,0.2618186473846435,0.0112662315368652,0.0104637145996093
0.9712808139752366,0.97125,0.97125,0.9713294193740982,0.97125,0.9616726771396816,0.9616666666666668,0.0815542608349021,REDUCED_7,LDA_XGBoost,2027,4,3200,800,4.94920539855957,0.3861875534057617,0.0148017406463623,0.01369309425354
0.97874986718667,0.97875,0.97875,0.9787557188929724,0.97875,0.9716686909785482,0.9716666666666668,0.0640205190346477,REDUCED_7,LDA_XGBoost,2027,5,3200,800,4.535764932632446,0.2972753047943115,0.0121951103210449,0.0112326145172119
0.9762379704725516,0.97625,0.97625,0.9767090858989452,0.97625,0.968496780957177,0.9683333333333334,0.0652158523753159,REDUCED_7,LDA_XGBoost,2028,1,3200,800,4.570326328277588,0.3643503189086914,0.0146796703338623,0.0139605998992919
0.9837498984368652,0.98375,0.98375,0.9837558438960974,0.98375,0.9783353715341472,0.9783333333333332,0.046088886491059,REDUCED_7,LDA_XGBoost,2028,2,3200,800,4.884046316146851,0.2933063507080078,0.0124080181121826,0.0112791061401367
0.9850024636292336,0.985,0.985,0.9852644554011654,0.985,0.9800878034654334,0.98,0.0569699194843574,REDUCED_7,LDA_XGBoost,2028,3,3200,800,4.661075592041016,0.3769276142120361,0.0148661136627197,0.0137519836425781
0.9874949979991996,0.9875,0.9875,0.9878806089743588,0.9875,0.9834644706724952,0.9833333333333332,0.0510972248586011,REDUCED_7,LDA_XGBoost,2028,4,3200,800,4.47856593132019,0.3009426593780517,0.0124754905700683,0.0114884376525878
0.972521581732108,0.9725,0.9725,0.97266674962668,0.9725,0.9633754819326888,0.9633333333333334,0.086486236199424,REDUCED_7,LDA_XGBoost,2028,5,3200,800,5.162039518356323,0.546156644821167,0.0211288928985595,0.0198137760162353
0.974906294320254,0.975,0.975,0.9753208051068264,0.975,0.9668358777525392,0.9666666666666668,0.0933965748485944,REDUCED_7,LDA,2026,1,3200,800,0.0063621997833251,0.0063621997833251,0.0016610622406005,0.0017135143280029
0.97121133935966,0.97125,0.97125,0.9712143784270084,0.97125,0.9616806912790112,0.9616666666666668,0.0709544744389651,REDUCED_7,LDA,2026,2,3200,800,0.0058856010437011,0.0058856010437011,0.0017108917236328,0.0017404556274414
0.9862457877725052,0.98625,0.98625,0.9865397612074792,0.98625,0.981766893819766,0.9816666666666668,0.065644003997784,REDUCED_7,LDA,2026,3,3200,800,0.0059154033660888,0.0059154033660888,0.0016562938690185,0.0017080307006835
0.9698951733381788,0.97,0.97,0.9698687246385944,0.97,0.9600260010562978,0.96,0.11930926698273,REDUCED_7,LDA,2026,4,3200,800,0.0059175491333007,0.0059175491333007,0.0016117095947265,0.0016124248504638
0.961146835315064,0.96125,0.96125,0.9619599824005792,0.96125,0.9486436696281588,0.9483333333333334,0.1122886725487835,REDUCED_7,LDA,2026,5,3200,800,0.0059034824371337,0.0059034824371337,0.0016686916351318,0.0017054080963134
0.9749327830497752,0.975,0.975,0.9756645581209612,0.975,0.9669346252643256,0.9666666666666668,0.0953279168191279,REDUCED_7,LDA,2027,1,3200,800,0.0057907104492187,0.0057907104492187,0.0016055107116699,0.0016336441040039
0.9723656320430514,0.9725,0.9725,0.9727101987853192,0.9725,0.9634919210968726,0.9633333333333334,0.076689564744108,REDUCED_7,LDA,2027,2,3200,800,0.0059335231781005,0.0059335231781005,0.0015656948089599,0.0016992092132568
0.9711803223747592,0.97125,0.97125,0.9711528051054972,0.97125,0.9616806912790112,0.9616666666666668,0.0853212098626267,REDUCED_7,LDA,2027,3,3200,800,0.0058002471923828,0.0058002471923828,0.0015928745269775,0.0017397403717041
0.9737419584747828,0.97375,0.97375,0.9740244299266602,0.97375,0.9650985255036412,0.965,0.110704392597153,REDUCED_7,LDA,2027,4,3200,800,0.0059571266174316,0.0059571266174316,0.0016827583312988,0.0017898082733154
0.9711622126855122,0.97125,0.97125,0.971308399638144,0.97125,0.9617448116073768,0.9616666666666668,0.0957410236722692,REDUCED_7,LDA,2027,5,3200,800,0.0060982704162597,0.0060982704162597,0.0017344951629638,0.0016965866088867
0.96873417167441,0.96875,0.96875,0.9691938675818532,0.96875,0.9584950930299084,0.9583333333333334,0.1066281081130643,REDUCED_7,LDA,2028,1,3200,800,0.0060253143310546,0.0060253143310546,0.0016448497772216,0.0016906261444091
0.97999799979998,0.98,0.98,0.980092036814726,0.98,0.97336577940009,0.9733333333333334,0.0615992200054094,REDUCED_7,LDA,2028,2,3200,800,0.006249189376831,0.006249189376831,0.0016765594482421,0.0016989707946777
0.974876184553604,0.975,0.975,0.9752337177276024,0.975,0.9668258031767928,0.9666666666666668,0.0836327926293638,REDUCED_7,LDA,2028,3,3200,800,0.006077766418457,0.006077766418457,0.0016901493072509,0.0016441345214843
0.9723987528421244,0.9725,0.9725,0.9728030925562192,0.9725,0.9635019609327028,0.9633333333333334,0.0781856737434075,REDUCED_7,LDA,2028,4,3200,800,0.0060400962829589,0.0060400962829589,0.0016186237335205,0.0016562938690185
0.9636020117553588,0.96375,0.96375,0.9636743611148229,0.96375,0.9517400327886224,0.9516666666666668,0.1352573643015626,REDUCED_7,LDA,2028,5,3200,800,0.0064010620117187,0.0064010620117187,0.0018444061279296,0.0018298625946044
0.9737392181435206,0.97375,0.97375,0.9737818821734888,0.97375,0.9650180942589026,0.965,0.0815046819589758,REDUCED_7,LogisticRegression,2026,1,3200,800,0.146996259689331,0.0684366226196289,0.0024659633636474,0.002260684967041
0.971249820311377,0.97125,0.97125,0.9712555313882848,0.97125,0.9616686701451498,0.9616666666666668,0.0744127227439362,REDUCED_7,LogisticRegression,2026,2,3200,800,0.1692965030670166,0.062070608139038,0.0024213790893554,0.0022053718566894
0.984998499849985,0.985,0.985,0.985094037615046,0.985,0.9800326683000908,0.98,0.0571270097010064,REDUCED_7,LogisticRegression,2026,3,3200,800,0.1856715679168701,0.0743088722229003,0.0023894309997558,0.0023009777069091
0.9699426720267476,0.97,0.97,0.9702236102098204,0.97,0.9601140203102696,0.96,0.0705468381638599,REDUCED_7,LogisticRegression,2026,4,3200,800,0.1644911766052246,0.0630385875701904,0.002357006072998,0.0021126270294189
0.9649859943977592,0.965,0.965,0.9653445512820512,0.965,0.9534604698723174,0.9533333333333334,0.0772499208836193,REDUCED_7,LogisticRegression,2026,5,3200,800,0.1355698108673095,0.0571379661560058,0.0024833679199218,0.002432107925415
0.9724275782437952,0.9725,0.9725,0.973149936763696,0.9725,0.963600367935828,0.9633333333333334,0.0679210556440788,REDUCED_7,LogisticRegression,2027,1,3200,800,0.1666655540466308,0.0783605575561523,0.0024776458740234,0.0021748542785644
0.973767023407493,0.97375,0.97375,0.9739668907144636,0.97375,0.9650623289548492,0.965,0.0677872426463895,REDUCED_7,LogisticRegression,2027,2,3200,800,0.1547813415527343,0.0755472183227539,0.0024671554565429,0.0022878646850585
0.9774772390802008,0.9775,0.9775,0.9774967325507458,0.9775,0.9700141461427808,0.97,0.0738837181135356,REDUCED_7,LogisticRegression,2027,3,3200,800,0.1510629653930664,0.0695843696594238,0.0025136470794677,0.00227952003479
0.9674967496749676,0.9675,0.9675,0.9675870348139256,0.9675,0.9566985571500886,0.9566666666666668,0.0847289807421167,REDUCED_7,LogisticRegression,2027,4,3200,800,0.1606562137603759,0.0719776153564453,0.0023279190063476,0.0022013187408447
0.9737458977965308,0.97375,0.97375,0.9738899312070044,0.97375,0.9650502643436024,0.965,0.0677646160310994,REDUCED_7,LogisticRegression,2027,5,3200,800,0.1511256694793701,0.0624620914459228,0.0024025440216064,0.0022230148315429
0.9687498046862792,0.96875,0.96875,0.968755468886722,0.96875,0.9583353298673504,0.9583333333333334,0.077515480142984,REDUCED_7,LogisticRegression,2028,1,3200,800,0.1258473396301269,0.0473711490631103,0.0024123191833496,0.0021741390228271
0.9837564229211178,0.98375,0.98375,0.9839494647747076,0.98375,0.9783965234827228,0.9783333333333332,0.0650492006795912,REDUCED_7,LogisticRegression,2028,2,3200,800,0.1610081195831298,0.0724210739135742,0.0024085044860839,0.0022039413452148
0.9774909963985594,0.9775,0.9775,0.9778645833333334,0.9775,0.9701293592057496,0.97,0.0597551010971025,REDUCED_7,LogisticRegression,2028,3,3200,800,0.1588103771209716,0.0704133510589599,0.0021350383758544,0.0022997856140136
0.9762462884825752,0.97625,0.97625,0.9763914946841776,0.97625,0.9683837713016116,0.9683333333333334,0.0685830961475249,REDUCED_7,LogisticRegression,2028,4,3200,800,0.1556518077850341,0.0668478012084961,0.0023343563079833,0.0022506713867187
0.9586147056181792,0.95875,0.95875,0.9588710862891434,0.95875,0.9451319338742976,0.945,0.092042999398876,REDUCED_7,LogisticRegression,2028,5,3200,800,0.1378490924835205,0.0493662357330322,0.0021092891693115,0.0016989707946777
0.9687389368776994,0.96875,0.96875,0.9687807569203072,0.96875,0.9583513025887204,0.9583333333333334,0.090050901553825,REDUCED_7,MLP,2026,1,3200,800,2.4899351596832275,0.8484196662902832,0.00352144241333,0.0030548572540283
0.9637225651899248,0.96375,0.96375,0.9643985556307832,0.96375,0.9519066567222756,0.9516666666666668,0.1066518577939059,REDUCED_7,MLP,2026,2,3200,800,2.827197313308716,0.8409726619720459,0.006638765335083,0.0058808326721191
0.962499062476562,0.9625,0.9625,0.9625212521252126,0.9625,0.9500079167656263,0.95,0.104026253080943,REDUCED_7,MLP,2026,3,3200,800,2.7674622535705566,0.7668921947479248,0.0065209865570068,0.0067942142486572
0.9674588653993158,0.9675,0.9675,0.9674355495251016,0.9675,0.9566726458893886,0.9566666666666668,0.0774988006292343,REDUCED_7,MLP,2026,4,3200,800,2.7813875675201416,0.9157452583312988,0.0030198097229003,0.0030410289764404
0.9649859943977592,0.965,0.965,0.9653445512820512,0.965,0.9534604698723174,0.9533333333333334,0.0867736022520672,REDUCED_7,MLP,2026,5,3200,800,3.338590145111084,1.062026023864746,0.008258581161499,0.0119178295135498
0.9686860215190922,0.96875,0.96875,0.9690542454862217,0.96875,0.9584791131179676,0.9583333333333334,0.0795157624813334,REDUCED_7,MLP,2027,1,3200,800,3.124772310256958,1.315345048904419,0.0057399272918701,0.005864143371582
0.9687723236506806,0.96875,0.96875,0.9689756036843415,0.96875,0.9583952316909125,0.9583333333333334,0.0815414373569424,REDUCED_7,MLP,2027,2,3200,800,3.5887527465820312,1.2172365188598633,0.0044982433319091,0.0067582130432128
0.9712181822308292,0.97125,0.97125,0.9715256935431538,0.97125,0.961780884928864,0.9616666666666668,0.0826013344313544,REDUCED_7,MLP,2027,3,3200,800,3.225404500961304,1.3005378246307373,0.0056653022766113,0.0048558712005615
0.9624915606011352,0.9625,0.9625,0.962691422280052,0.9625,0.9500712580166272,0.95,0.0974200461041937,REDUCED_7,MLP,2027,4,3200,800,3.368297815322876,1.1144795417785645,0.0060608386993408,0.0039253234863281
0.9749843652282676,0.975,0.975,0.9755639097744362,0.975,0.9668681185114434,0.9666666666666668,0.0836558470953006,REDUCED_7,MLP,2027,5,3200,800,2.633157253265381,0.9688963890075684,0.0064880847930908,0.0058577060699462
0.9483987892593968,0.94875,0.94875,0.9543124052324536,0.94875,0.9337876059736944,0.9316666666666666,0.1093537226327071,REDUCED_7,MLP,2028,1,3200,800,3.4780240058898926,1.0847787857055664,0.0057141780853271,0.0058925151824951
0.9762803004243654,0.97625,0.97625,0.9763521918694332,0.97625,0.9683474551700272,0.9683333333333334,0.0754426866796808,REDUCED_7,MLP,2028,2,3200,800,3.405822992324829,1.336212158203125,0.007033348083496,0.0119826793670654
0.9762486639873492,0.97625,0.97625,0.976300917706484,0.97625,0.968351490093994,0.9683333333333334,0.075005180074566,REDUCED_7,MLP,2028,3,3200,800,2.794416904449463,0.9732389450073242,0.0044689178466796,0.0039136409759521
0.9649439102564104,0.965,0.965,0.9663848631239936,0.965,0.9538421848952316,0.9533333333333334,0.0840806825320093,REDUCED_7,MLP,2028,4,3200,800,3.134506702423096,1.0574171543121338,0.003469705581665,0.0030937194824218
0.9585625143049884,0.95875,0.95875,0.959540994068954,0.95875,0.9453920250574348,0.945,0.0999267812375667,REDUCED_7,MLP,2028,5,3200,800,3.471651554107666,1.3128101825714111,0.0072121620178222,0.0118613243103027
0.9536616344182134,0.95375,0.95375,0.9549436685429148,0.95375,0.9388048099716826,0.9383333333333334,0.1148939110359304,REDUCED_7,QDA,2026,1,3200,800,0.0555553436279296,0.0047218799591064,0.0019383430480957,0.001784324645996
0.9586482775860108,0.95875,0.95875,0.9612147063264382,0.95875,0.9459128522456324,0.945,0.1202226087046975,REDUCED_7,QDA,2026,2,3200,800,0.0567138195037841,0.0048494338989257,0.0019621849060058,0.0017642974853515
0.974969337438362,0.975,0.975,0.9761079288513718,0.975,0.9670616308209038,0.9666666666666668,0.0817875840323262,REDUCED_7,QDA,2026,3,3200,800,0.0539603233337402,0.0047297477722167,0.0019364356994628,0.001824140548706
0.9636334457238388,0.96375,0.96375,0.9652076565687088,0.96375,0.9522401673003208,0.9516666666666668,0.0919001856036842,REDUCED_7,QDA,2026,4,3200,800,0.0539290904998779,0.0049884319305419,0.0019502639770507,0.001889944076538
0.9511638347838098,0.95125,0.95125,0.953233299849322,0.95125,0.93574304105038,0.935,0.1057737281852618,REDUCED_7,QDA,2026,5,3200,800,0.0544435977935791,0.0049586296081542,0.0019333362579345,0.0018157958984375
0.966046369924246,0.96625,0.96625,0.9694258617626156,0.96625,0.9561979900284704,0.955,0.0985545098589183,REDUCED_7,QDA,2027,1,3200,800,0.0531604290008544,0.0047435760498046,0.0018773078918457,0.0018389225006103
0.95242795132128,0.9525,0.9525,0.9543002659441016,0.9525,0.9373367113452928,0.9366666666666666,0.111053878276963,REDUCED_7,QDA,2027,2,3200,800,0.0541164875030517,0.0049543380737304,0.0019445419311523,0.0018630027770996
0.958637247045932,0.95875,0.95875,0.9602918210645144,0.95875,0.9456049867210452,0.945,0.108569424418352,REDUCED_7,QDA,2027,3,3200,800,0.0536160469055175,0.0047647953033447,0.0019533634185791,0.0017991065979003
0.9600041653825748,0.96,0.96,0.960644799201796,0.96,0.9468856592993312,0.9466666666666668,0.1094088144252078,REDUCED_7,QDA,2027,4,3200,800,0.0543224811553955,0.0049049854278564,0.0019590854644775,0.0018258094787597
0.9662159660514924,0.96625,0.96625,0.9675863363363364,0.96625,0.955479851001375,0.955,0.0900154019905247,REDUCED_7,QDA,2027,5,3200,800,0.0541563034057617,0.0047869682312011,0.0019664764404296,0.0017762184143066
0.952557519084581,0.9525,0.9525,0.9537775807722616,0.9525,0.9370728195740202,0.9366666666666666,0.1334774761134946,REDUCED_7,QDA,2028,1,3200,800,0.053553819656372,0.0046877861022949,0.0018947124481201,0.0017728805541992
0.9662310900270562,0.96625,0.96625,0.967277225248638,0.96625,0.9553643020985056,0.955,0.1021427434005107,REDUCED_7,QDA,2028,2,3200,800,0.0539686679840087,0.0047137737274169,0.0018815994262695,0.001781940460205
0.9737178391783654,0.97375,0.97375,0.9751126126126126,0.97375,0.9654848756191904,0.965,0.0795516292908333,REDUCED_7,QDA,2028,3,3200,800,0.0537917613983154,0.0048236846923828,0.0019752979278564,0.0017931461334228
0.9573934837092732,0.9575,0.9575,0.9595959595959596,0.9575,0.9441204284501028,0.9433333333333334,0.0907052304801937,REDUCED_7,QDA,2028,4,3200,800,0.0536370277404785,0.0049047470092773,0.0019066333770751,0.0018320083618164
0.9508521028354522,0.95125,0.95125,0.9544097877995892,0.95125,0.9363254485167488,0.935,0.1187315291587118,REDUCED_7,QDA,2028,5,3200,800,0.0532863140106201,0.0048437118530273,0.0018820762634277,0.0017676353454589
0.9687482420886177,0.96875,0.96875,0.968799229826711,0.96875,0.9583513025887204,0.9583333333333334,0.0808348144876107,REDUCED_7,RandomForest,2026,1,3200,800,12.591997146606444,4.824690580368042,0.052666425704956,0.0521538257598876
0.9687451164244414,0.96875,0.96875,0.968886804252658,0.96875,0.9583832504275844,0.9583333333333334,0.1269038418716312,REDUCED_7,RandomForest,2026,2,3200,800,10.222661018371582,2.4331705570220947,0.0288467407226562,0.0283219814300537
0.9774909963985594,0.9775,0.9775,0.9778645833333334,0.9775,0.9701293592057496,0.97,0.0661859727397527,REDUCED_7,RandomForest,2026,3,3200,800,13.069700717926024,4.870476722717285,0.0527563095092773,0.0541696548461914
0.9724828017510944,0.9725,0.9725,0.9730576441102756,0.9725,0.9635340905165763,0.9633333333333334,0.0733137980581205,REDUCED_7,RandomForest,2026,4,3200,800,13.10918951034546,4.8947954177856445,0.0532577037811279,0.0523571968078613
0.9712196007032428,0.97125,0.97125,0.97218874745801,0.97125,0.962005432393374,0.9616666666666668,0.0720768185041355,REDUCED_7,RandomForest,2026,5,3200,800,13.001882553100586,4.939621448516846,0.0532789230346679,0.0534272193908691
0.9699729756781104,0.97,0.97,0.970794861501405,0.97,0.960288129664834,0.96,0.0774619953455753,REDUCED_7,RandomForest,2027,1,3200,800,12.912628889083862,4.857680797576904,0.053147554397583,0.0528552532196044
0.9662329054083628,0.96625,0.96625,0.9666887948094892,0.96625,0.955161197054152,0.955,0.0821806740043161,REDUCED_7,RandomForest,2027,2,3200,800,10.378856182098389,2.423323154449463,0.0276834964752197,0.0283074378967285
0.9737498359364746,0.97375,0.97375,0.9737555938898472,0.97375,0.9650020104229492,0.965,0.0671608619153415,REDUCED_7,RandomForest,2027,3,3200,800,12.784994125366213,4.893788576126099,0.0525882244110107,0.0534780025482177
0.9699932484809082,0.97,0.97,0.9701981783605244,0.97,0.9600720081010128,0.96,0.0871922910732282,REDUCED_7,RandomForest,2027,4,3200,800,12.64388656616211,4.810201406478882,0.0525715351104736,0.0523915290832519
0.9737367042065046,0.97375,0.97375,0.9742040131265812,0.97375,0.9651628849814208,0.965,0.0754196957763419,REDUCED_7,RandomForest,2027,5,3200,800,12.887693166732788,4.98692512512207,0.0537853240966796,0.0534288883209228
0.964996499649965,0.965,0.965,0.9650860344137656,0.965,0.9533651127000884,0.9533333333333334,0.0942403522631153,REDUCED_7,RandomForest,2028,1,3200,800,12.549872398376465,4.873416185379028,0.0547308921813964,0.0536417961120605
0.97874667916862,0.97875,0.97875,0.9788930581613507,0.97875,0.9717172782596204,0.9716666666666668,0.0698485908686507,REDUCED_7,RandomForest,2028,2,3200,800,12.803899049758911,4.8797690868377686,0.0522820949554443,0.0517492294311523
0.9737367042065046,0.97375,0.97375,0.9742040131265812,0.97375,0.9651628849814208,0.965,0.0643200167546639,REDUCED_7,RandomForest,2028,3,3200,800,10.293731689453123,2.4490838050842285,0.0269968509674072,0.0271706581115722
0.9762248875374616,0.97625,0.97625,0.9772099620898296,0.97625,0.9686744475226174,0.9683333333333334,0.0691261248836085,REDUCED_7,RandomForest,2028,4,3200,800,10.207271337509155,2.4751734733581543,0.0276491641998291,0.0273363590240478
0.9662396608961494,0.96625,0.96625,0.9665152311581688,0.96625,0.955097504513966,0.955,0.0884609551799409,REDUCED_7,RandomForest,2028,5,3200,800,12.750261068344116,4.796637535095215,0.0547301769256591,0.0532503128051757
0.9724938111074992,0.9725,0.9725,0.9727004303873488,0.9725,0.9634055914624744,0.9633333333333334,0.0706126115535684,REDUCED_7,SVM_RBF,2026,1,3200,800,0.7856345176696777,0.1678102016448974,0.0111269950866699,0.0112988948822021
0.9724938111074992,0.9725,0.9725,0.9727004303873488,0.9725,0.9634055914624744,0.9633333333333334,0.073649076627467,REDUCED_7,SVM_RBF,2026,2,3200,800,0.7955009937286377,0.173403263092041,0.0111064910888671,0.0114867687225341
0.982484235812231,0.9825,0.9825,0.9833400240867122,0.9825,0.9769597985826264,0.9766666666666668,0.0475300986779571,REDUCED_7,SVM_RBF,2026,3,3200,800,0.8212156295776367,0.1751646995544433,0.0117065906524658,0.0121865272521972
0.9799819837854068,0.98,0.98,0.9808309915696508,0.98,0.973625464799068,0.9733333333333334,0.0557721433874876,REDUCED_7,SVM_RBF,2026,4,3200,800,0.8054468631744385,0.1647806167602539,0.0117294788360595,0.0122087001800537
0.9799874921826142,0.98,0.98,0.9805764411027568,0.98,0.9735361745011776,0.9733333333333334,0.0595947081231868,REDUCED_7,SVM_RBF,2026,5,3200,800,0.805549144744873,0.1733243465423584,0.0114886760711669,0.0117154121398925
0.9774724036945256,0.9775,0.9775,0.9786202391719424,0.9775,0.9703963260995964,0.97,0.0574802315262573,REDUCED_7,SVM_RBF,2027,1,3200,800,0.8093504905700684,0.1777198314666748,0.011474609375,0.0118782520294189
0.9762248875374616,0.97625,0.97625,0.9772099620898296,0.97625,0.9686744475226174,0.9683333333333334,0.0605391636824628,REDUCED_7,SVM_RBF,2027,2,3200,800,0.802471399307251,0.1696338653564453,0.0145268440246582,0.0149736404418945
0.9812442560534164,0.98125,0.98125,0.9815336286951516,0.98125,0.975099546493316,0.975,0.054627479353445,REDUCED_7,SVM_RBF,2027,3,3200,800,0.7946007251739502,0.1715798377990722,0.0115053653717041,0.0119364261627197
0.9762427243343272,0.97625,0.97625,0.976527496182824,0.97625,0.968432199166866,0.9683333333333334,0.0685623017368397,REDUCED_7,SVM_RBF,2027,4,3200,800,0.8215446472167969,0.1678221225738525,0.0112020969390869,0.0115823745727539
0.9749899959983994,0.975,0.975,0.9753605769230768,0.975,0.9667955813390632,0.9666666666666668,0.0603864207164689,REDUCED_7,SVM_RBF,2027,5,3200,800,0.8085634708404541,0.1651608943939209,0.0116462707519531,0.0119578838348388
0.9799874921826142,0.98,0.98,0.9805764411027568,0.98,0.9735361745011776,0.9733333333333334,0.0583914429782034,REDUCED_7,SVM_RBF,2028,1,3200,800,0.8164451122283936,0.1774485111236572,0.0115158557891845,0.0119075775146484
0.9824982498249824,0.9825,0.9825,0.982593037214886,0.9825,0.9766992238500904,0.9766666666666668,0.0546413827649261,REDUCED_7,SVM_RBF,2028,2,3200,800,0.8787801265716553,0.1708135604858398,0.0115303993225097,0.011927843093872
0.9787339175251284,0.97875,0.97875,0.9794440683066276,0.97875,0.9719117002961236,0.9716666666666668,0.0568188330721189,REDUCED_7,SVM_RBF,2028,3,3200,800,0.8927700519561768,0.1715312004089355,0.0115323066711425,0.0119714736938476
0.9799754699506896,0.98,0.98,0.9811325494925134,0.98,0.9737310213782892,0.9733333333333334,0.0597863745687627,REDUCED_7,SVM_RBF,2028,4,3200,800,0.8853178024291992,0.1693780422210693,0.0117735862731933,0.0122542381286621
0.9661579991092488,0.96625,0.96625,0.9669922697580606,0.96625,0.9553125179207996,0.955,0.0784622952956234,REDUCED_7,SVM_RBF,2028,5,3200,800,0.8143177032470703,0.1595625877380371,0.0106692314147949,0.0112388134002685
0.9874971868670452,0.9875,0.9875,0.9877139425482936,0.9875,0.9834070916312456,0.9833333333333332,0.0365455672689305,REDUCED_7,TabPFN,2026,1,3200,800,2.247223138809204,2.247223138809204,1.2592878341674805,1.2592365741729736
0.9812489452531704,0.98125,0.98125,0.981302042959666,0.98125,0.9750182817641764,0.975,0.041474410953578,REDUCED_7,TabPFN,2026,2,3200,800,1.9698524475097656,1.9698524475097656,1.256025314331055,1.2579753398895264
0.9887465536320498,0.98875,0.98875,0.9890428274636428,0.98875,0.9851005674829912,0.985,0.0264706073308205,REDUCED_7,TabPFN,2026,3,3200,800,2.250642776489258,2.250642776489258,1.255462884902954,1.2566032409667969
0.9849939975990396,0.985,0.985,0.9853766025641026,0.985,0.9801306928058088,0.98,0.0379890057185446,REDUCED_7,TabPFN,2026,4,3200,800,1.959857702255249,1.959857702255249,1.261848211288452,1.2664978504180908
0.9824982498249824,0.9825,0.9825,0.982593037214886,0.9825,0.9766992238500904,0.9766666666666668,0.0411285332444211,REDUCED_7,TabPFN,2026,5,3200,800,1.9618494510650637,1.9618494510650637,1.2607247829437256,1.2647879123687744
0.9862430355367404,0.98625,0.98625,0.9867293769884016,0.98625,0.9818323648602018,0.9816666666666668,0.0300008976280373,REDUCED_7,TabPFN,2027,1,3200,800,1.95020604133606,1.95020604133606,1.259748458862305,1.2690446376800537
0.98999899989999,0.99,0.99,0.9900960384153662,0.99,0.9866995572000914,0.9866666666666668,0.0377796517163127,REDUCED_7,TabPFN,2027,2,3200,800,1.946711778640747,1.946711778640747,1.2542724609375,1.2775957584381104
0.9849996249906248,0.985,0.985,0.985023502350235,0.985,0.9800081667687516,0.98,0.0313818042372454,REDUCED_7,TabPFN,2027,3,3200,800,2.007572889328003,2.007572889328003,1.2653701305389404,1.2682898044586182
0.9799994999874996,0.98,0.98,0.98002300230023,0.98,0.9733414445458348,0.9733333333333334,0.0454946925167728,REDUCED_7,TabPFN,2027,4,3200,800,2.153595447540283,2.153595447540283,1.2677490711212158,1.2685208320617676
0.9874971868670452,0.9875,0.9875,0.9877139425482936,0.9875,0.9834070916312456,0.9833333333333332,0.0414646649451328,REDUCED_7,TabPFN,2027,5,3200,800,1.9698247909545896,1.9698247909545896,1.27467942237854,1.27630877494812
0.9849939975990396,0.985,0.985,0.9853766025641026,0.985,0.9801306928058088,0.98,0.036967274790441,REDUCED_7,TabPFN,2028,1,3200,800,1.9664607048034668,1.9664607048034668,1.2650415897369385,1.272815227508545
0.9887499296870604,0.98875,0.98875,0.9887559688992223,0.98875,0.985002052089746,0.985,0.0303950248531464,REDUCED_7,TabPFN,2028,2,3200,800,1.9570040702819824,1.9570040702819824,1.265324592590332,1.2681190967559814
0.9874996874921872,0.9875,0.9875,0.9875237523752376,0.9875,0.9833415278802098,0.9833333333333332,0.0392622613816206,REDUCED_7,TabPFN,2028,3,3200,800,2.0001742839813232,2.0001742839813232,1.2695558071136477,1.276820421218872
0.9887465536320498,0.98875,0.98875,0.9890428274636428,0.98875,0.9851005674829912,0.985,0.0322393392096473,REDUCED_7,TabPFN,2028,4,3200,800,1.9647181034088133,1.9647181034088133,1.2617018222808838,1.2739157676696775
0.97999799979998,0.98,0.98,0.980092036814726,0.98,0.97336577940009,0.9733333333333334,0.0460370324074444,REDUCED_7,TabPFN,2028,5,3200,800,1.9696977138519287,1.9696977138519287,1.2596428394317627,1.264662742614746
0.971245507110486,0.97125,0.97125,0.9713883677298312,0.97125,0.9617167573855936,0.9616666666666668,0.0847313837603816,REDUCED_7,XGBoost,2026,1,3200,800,10.247870445251465,0.5090200901031494,0.0107278823852539,0.0100388526916503
0.9661572873365164,0.96625,0.96625,0.9662251960331756,0.96625,0.9550537232829444,0.955,0.1141125232453738,REDUCED_7,XGBoost,2026,2,3200,800,9.316906452178957,0.7847819328308105,0.0193743705749511,0.0182039737701416
0.973730133413394,0.97375,0.97375,0.9744288974146794,0.97375,0.9652433524381744,0.965,0.0671026173754217,REDUCED_7,XGBoost,2026,3,3200,800,9.112139463424684,0.3725879192352295,0.0111505985260009,0.0098390579223632
0.9749899959983994,0.975,0.975,0.9753605769230768,0.975,0.9667955813390632,0.9666666666666668,0.0892053811645332,REDUCED_7,XGBoost,2026,4,3200,800,8.878837585449219,0.5217008590698242,0.0134305953979492,0.0126287937164306
0.9699879951980792,0.97,0.97,0.970352564102564,0.97,0.9601280256056902,0.96,0.0670005565599766,REDUCED_7,XGBoost,2026,5,3200,800,9.597769498825071,0.7931323051452637,0.0196211338043212,0.0186560153961181
0.967479674796748,0.9675,0.9675,0.9680451127819548,0.9675,0.9568660345268424,0.9566666666666668,0.0807703548850054,REDUCED_7,XGBoost,2027,1,3200,800,8.97057819366455,0.3306515216827392,0.0108966827392578,0.0096299648284912
0.9712282413575266,0.97125,0.97125,0.9719213119687052,0.97125,0.9619091785091995,0.9616666666666668,0.08522600894829,REDUCED_7,XGBoost,2027,2,3200,800,8.921901226043701,0.3847055435180664,0.0107464790344238,0.0103423595428466
0.9687379873855304,0.96875,0.96875,0.9691087830080368,0.96875,0.9584631340052456,0.9583333333333334,0.0803867186745388,REDUCED_7,XGBoost,2027,3,3200,800,9.190444946289062,0.3767764568328857,0.0105752944946289,0.0098676681518554
0.9636774963699022,0.96375,0.96375,0.9640325982852552,0.96375,0.95181143233106,0.9516666666666668,0.1062897552605671,REDUCED_7,XGBoost,2027,4,3200,800,8.78576111793518,0.4767298698425293,0.0133779048919677,0.0125064849853515
0.978743490193872,0.97875,0.97875,0.9790305624389876,0.97875,0.9717658728300912,0.9716666666666668,0.0666918018119379,REDUCED_7,XGBoost,2027,5,3200,800,9.534700632095335,0.6967964172363281,0.0190155506134033,0.0180737972259521
0.9612025369992104,0.96125,0.96125,0.9611727348107943,0.96125,0.9483392604722336,0.9483333333333334,0.1249772443874873,REDUCED_7,XGBoost,2028,1,3200,800,9.25570273399353,0.6167702674865723,0.0196053981781005,0.0182609558105468
0.9824960616138632,0.9825,0.9825,0.9827094384946452,0.9825,0.9767399249083218,0.9766666666666668,0.0668375111142291,REDUCED_7,XGBoost,2028,2,3200,800,8.844890594482422,0.4239599704742431,0.0106794834136962,0.010068655014038
0.9712411926152384,0.97125,0.97125,0.9715213636704964,0.97125,0.961764851840416,0.9616666666666668,0.0704025595723162,REDUCED_7,XGBoost,2028,3,3200,800,9.551879167556764,0.6627323627471924,0.0192193984985351,0.0183815956115722
0.9762165545298076,0.97625,0.97625,0.9775298554368322,0.97625,0.9687875589857082,0.9683333333333334,0.0698455238469891,REDUCED_7,XGBoost,2028,4,3200,800,8.938762187957764,0.3828847408294678,0.0111198425292968,0.009873628616333
0.9612439443663072,0.96125,0.96125,0.9613821138211384,0.96125,0.9483827295535576,0.9483333333333334,0.1111010103444564,REDUCED_7,XGBoost,2028,5,3200,800,9.16335654258728,0.6950516700744629,0.0189552307128906,0.0179097652435302
