f1_macro,accuracy,balanced_accuracy,precision_macro,recall_macro,mcc,kappa,log_loss,feature_set,model,seed,outer_fold
0.9749993749843746,0.975,0.975,0.975022502250225,0.975,0.966674722322918,0.9666666666666668,0.0753416514182978,FULL_11,CatBoost,2026,1
0.9700342814642592,0.97,0.97,0.9700746268656716,0.97,0.96000200000625,0.96,0.0830205273163,FULL_11,CatBoost,2026,2
0.9837377016368628,0.98375,0.98375,0.9844592391985756,0.98375,0.9785800481540732,0.9783333333333332,0.055975157757736,FULL_11,CatBoost,2026,3
0.97744689902102,0.9775,0.9775,0.977942821776286,0.9775,0.9701839481452402,0.97,0.0668814169813338,FULL_11,CatBoost,2026,4
0.9712057351920362,0.97125,0.97125,0.9712863848179916,0.97125,0.9617087423445698,0.9616666666666668,0.0766933790498679,FULL_11,CatBoost,2026,5
0.9762320254692612,0.97625,0.97625,0.9769364828606536,0.97625,0.968577526367149,0.9683333333333334,0.0675760508307973,FULL_11,CatBoost,2027,1
0.9762379704725516,0.97625,0.97625,0.9767090858989452,0.97625,0.968496780957177,0.9683333333333334,0.0679476962486247,FULL_11,CatBoost,2027,2
0.98248119519497,0.9825,0.9825,0.9824685304632615,0.9825,0.9766687013952474,0.9766666666666668,0.0727836073241986,FULL_11,CatBoost,2027,3
0.9700342814642592,0.97,0.97,0.9700746268656716,0.97,0.96000200000625,0.96,0.0787025276646561,FULL_11,CatBoost,2027,4
0.9749578082118135,0.975,0.975,0.9751014540073082,0.975,0.9667291032708334,0.9666666666666668,0.0739806359008521,FULL_11,CatBoost,2027,5
0.973777727901844,0.97375,0.97375,0.9738233245435096,0.97375,0.9650060313065436,0.965,0.076315103473259,FULL_11,CatBoost,2028,1
0.9824995624890622,0.9825,0.9825,0.9825232523252324,0.9825,0.9766748056572933,0.9766666666666668,0.0499795184753183,FULL_11,CatBoost,2028,2
0.974942353851438,0.975,0.975,0.975430860053798,0.975,0.9668499826876964,0.9666666666666668,0.0666586880634118,FULL_11,CatBoost,2028,3
0.9762427243343272,0.97625,0.97625,0.976527496182824,0.97625,0.968432199166866,0.9683333333333334,0.0649002486690087,FULL_11,CatBoost,2028,4
0.9661817589444972,0.96625,0.96625,0.9665434218857384,0.96625,0.9551452727245138,0.955,0.0821598455523074,FULL_11,CatBoost,2028,5
0.9662159660514924,0.96625,0.96625,,,0.955479851001375,0.955,0.0939625258232229,FULL_11,FTTransformer,2026,1
0.9699992499812496,0.97,0.97,,,0.9600080001000014,0.96,0.0793133808732303,FULL_11,FTTransformer,2026,2
0.982484235812231,0.9825,0.9825,,,0.9769597985826264,0.9766666666666668,0.0444283137962334,FULL_11,FTTransformer,2026,3
0.973674744800526,0.97375,0.97375,,,0.9653157903597608,0.965,0.0650835633894927,FULL_11,FTTransformer,2026,4
0.9712354379404572,0.97125,0.97125,,,0.9618289890056644,0.9616666666666668,0.0618985459106798,FULL_11,FTTransformer,2026,5
0.9737419584747828,0.97375,0.97375,,,0.9650985255036412,0.965,0.0620991112123375,FULL_11,FTTransformer,2027,1
0.970030066625096,0.97,0.97,,,0.9600140003062576,0.96,0.0618859007600625,FULL_11,FTTransformer,2027,2
0.9674537323258264,0.9675,0.9675,,,0.9566925774415188,0.9566666666666668,0.0843771633101804,FULL_11,FTTransformer,2027,3
0.9762498515615724,0.97625,0.97625,,,0.9683353507007488,0.9683333333333334,0.0655921075347461,FULL_11,FTTransformer,2027,4
0.9737130339539978,0.97375,0.97375,,,0.965452662052883,0.965,0.0671368788683831,FULL_11,FTTransformer,2027,5
0.9812358095809957,0.98125,0.98125,,,0.9752458742250985,0.975,0.0584976278136032,FULL_11,FTTransformer,2028,1
0.978778153907297,0.97875,0.97875,,,0.9718144746917828,0.9716666666666668,0.0628980124510355,FULL_11,FTTransformer,2028,2
0.979995498987272,0.98,0.98,,,0.97340634154686,0.9733333333333334,0.0636172467008122,FULL_11,FTTransformer,2028,3
0.97499437373409,0.975,0.975,,,0.9667391748239365,0.9666666666666668,0.0709761764357189,FULL_11,FTTransformer,2028,4
0.9635514491505928,0.96375,0.96375,,,0.951942373238046,0.9516666666666668,0.0907277037973617,FULL_11,FTTransformer,2028,5
0.9749759008276864,0.975,0.975,0.9751662746471824,0.975,0.9667391748239365,0.9666666666666668,0.1972844779927428,FULL_11,KNN,2026,1
0.9712354379404572,0.97125,0.97125,0.9716989403542172,0.97125,0.9618289890056644,0.9616666666666668,0.1967362198039908,FULL_11,KNN,2026,2
0.9774744386404552,0.9775,0.9775,0.9787071767941986,0.9775,0.9704266771942296,0.97,0.1521764166174801,FULL_11,KNN,2026,3
0.971109289563628,0.97125,0.97125,0.9721662954266496,0.97125,0.9620656057462784,0.9616666666666668,0.2877234856482408,FULL_11,KNN,2026,4
0.9673363819489508,0.9675,0.9675,0.968535012532135,0.9675,0.957121407361741,0.9566666666666668,0.1657803636499178,FULL_11,KNN,2026,5
0.9648457207690484,0.965,0.965,0.96694495558736,0.965,0.9540909438160736,0.9533333333333334,0.2376096580369397,FULL_11,KNN,2027,1
0.9661228602213664,0.96625,0.96625,0.9666078136635718,0.96625,0.9552049930678372,0.955,0.4941644339035702,FULL_11,KNN,2027,2
0.976212628286409,0.97625,0.97625,0.976301467774251,0.97625,0.9683757006970451,0.9683333333333334,0.1519311528818494,FULL_11,KNN,2027,3
0.9662583615901577,0.96625,0.96625,0.9671175199344212,0.96625,0.9552926031714448,0.955,0.2894967717897624,FULL_11,KNN,2027,4
0.96870228864485,0.96875,0.96875,0.968778843339862,0.96875,0.9583752631683322,0.9583333333333334,0.1974480094285548,FULL_11,KNN,2027,5
0.971311933094266,0.97125,0.97125,0.9715329456409244,0.97125,0.9617207649812548,0.9616666666666668,0.2776657765063076,FULL_11,KNN,2028,1
0.9774977497749776,0.9775,0.9775,0.977591036414566,0.9775,0.9700323349500898,0.97,0.2785515322555269,FULL_11,KNN,2028,2
0.977422510115533,0.9775,0.9775,0.9778952129305626,0.9775,0.9701839481452402,0.97,0.1081994782118251,FULL_11,KNN,2028,3
0.9711691629034336,0.97125,0.97125,0.9720245571155424,0.97125,0.9619813662134404,0.9616666666666668,0.1616787330135364,FULL_11,KNN,2028,4
0.9660297247398189,0.96625,0.96625,0.9682206530900276,0.96625,0.9558028132678872,0.955,0.412161649104671,FULL_11,KNN,2028,5
0.9774554409005628,0.9775,0.9775,0.9780106516290727,0.9775,0.9702021465063104,0.97,0.084845423628377,FULL_11,LDA,2026,1
0.9799994999874996,0.98,0.98,0.98002300230023,0.98,0.9733414445458348,0.9733333333333334,0.0635829857403982,FULL_11,LDA,2026,2
0.9850024636292336,0.985,0.985,0.9852644554011654,0.985,0.9800878034654334,0.98,0.069242392503438,FULL_11,LDA,2026,3
0.9749272497141372,0.975,0.975,0.9750237417616838,0.975,0.9667230604900632,0.9666666666666668,0.1094141337376357,FULL_11,LDA,2026,4
0.964898017911725,0.965,0.965,0.9658734383511792,0.965,0.9536969996515624,0.9533333333333334,0.0951797620654408,FULL_11,LDA,2026,5
0.973674744800526,0.97375,0.97375,0.974540700794283,0.97375,0.9653157903597608,0.965,0.0772267202599337,FULL_11,LDA,2027,1
0.9787117306261296,0.97875,0.97875,0.9791603309201132,0.97875,0.9718306769329332,0.9716666666666668,0.0686499281799175,FULL_11,LDA,2027,2
0.976212628286409,0.97625,0.97625,0.976301467774251,0.97625,0.9683757006970451,0.9683333333333334,0.0751750972278791,FULL_11,LDA,2027,3
0.97499437373409,0.975,0.975,0.9752026824141729,0.975,0.9667391748239365,0.9666666666666668,0.1084495410218185,FULL_11,LDA,2027,4
0.9774764634542772,0.9775,0.9775,0.9776685266740066,0.9775,0.9700727581853982,0.97,0.094443240849535,FULL_11,LDA,2027,5
0.9712503631836144,0.97125,0.97125,0.9721104404202996,0.97125,0.9619613124431478,0.9616666666666668,0.1176199976606249,FULL_11,LDA,2028,1
0.983761293024816,0.98375,0.98375,0.983850900766398,0.98375,0.9783598309375812,0.9783333333333332,0.0539860319704399,FULL_11,LDA,2028,2
0.9774138357983836,0.9775,0.9775,0.9778385176574338,0.9775,0.9701697945723756,0.97,0.069027441385288,FULL_11,LDA,2028,3
0.9799874921826142,0.98,0.98,0.9805764411027568,0.98,0.9735361745011776,0.9733333333333334,0.0726053071586724,FULL_11,LDA,2028,4
0.969913931123395,0.97,0.97,0.969995441781898,0.97,0.9600560049004764,0.96,0.1197823933027892,FULL_11,LDA,2028,5
0.9775334356568612,0.9775,0.9775,0.9777864044168392,0.9775,0.9700747794798218,0.97,0.0680538852512093,FULL_11,LDA_MLP,2026,1
0.9800179714095644,0.98,0.98,0.9800778723192516,0.98,0.9733475280882888,0.9733333333333334,0.1295209531641497,FULL_11,LDA_MLP,2026,2
0.983761293024816,0.98375,0.98375,0.983850900766398,0.98375,0.9783598309375812,0.9783333333333332,0.057560751553932,FULL_11,LDA_MLP,2026,3
0.9750422906612268,0.975,0.975,0.9751559714795008,0.975,0.9666908342396212,0.9666666666666668,0.1221730744759743,FULL_11,LDA_MLP,2026,4
0.9649614845938376,0.965,0.965,0.9652964743589744,0.965,0.9534604698723174,0.9533333333333334,0.0941864667381741,FULL_11,LDA_MLP,2026,5
0.9774909963985594,0.9775,0.9775,0.9778645833333334,0.9775,0.9701293592057496,0.97,0.1219128782173009,FULL_11,LDA_MLP,2027,1
0.9787312470698546,0.97875,0.97875,0.9788625703564728,0.97875,0.9717172782596204,0.9716666666666668,0.0855911376006509,FULL_11,LDA_MLP,2027,2
0.9763107263107262,0.97625,0.97625,0.976498345385464,0.97625,0.9683757006970451,0.9683333333333334,0.3078887764704818,FULL_11,LDA_MLP,2027,3
0.9725395587681152,0.9725,0.9725,0.9727437091341392,0.9725,0.9633895326952696,0.9633333333333334,0.0952560730288516,FULL_11,LDA_MLP,2027,4
0.973715537551926,0.97375,0.97375,0.9743681273633796,0.97375,0.9652353047868086,0.965,0.3418367426592961,FULL_11,LDA_MLP,2027,5
0.966338262676414,0.96625,0.96625,0.9669990617557196,0.96625,0.9551930481030108,0.955,0.1539646710516276,FULL_11,LDA_MLP,2028,1
0.9825186954293464,0.9825,0.9825,0.9825435323383084,0.9825,0.9766687013952474,0.9766666666666668,0.0566893377822928,FULL_11,LDA_MLP,2028,2
0.9812227572819175,0.98125,0.98125,0.9814913581637504,0.98125,0.975099546493316,0.975,0.0555253805692431,FULL_11,LDA_MLP,2028,3
0.9837450219129608,0.98375,0.98375,0.9840366949513152,0.98375,0.9784332201565412,0.9783333333333332,0.0759802521861581,FULL_11,LDA_MLP,2028,4
0.968673993737913,0.96875,0.96875,0.9686399884779752,0.96875,0.9583473093335036,0.9583333333333334,0.1205971471041816,FULL_11,LDA_MLP,2028,5
0.9799819837854068,0.98,0.98,0.9808309915696508,0.98,0.973625464799068,0.9733333333333334,0.0674609325393293,FULL_11,LDA_SVM,2026,1
0.9799994999874996,0.98,0.98,0.98002300230023,0.98,0.9733414445458348,0.9733333333333334,0.0608119936997652,FULL_11,LDA_SVM,2026,2
0.9824915320305256,0.9825,0.9825,0.9831504115739584,0.9825,0.9768925992067043,0.9766666666666668,0.0512610012498092,FULL_11,LDA_SVM,2026,3
0.97874667916862,0.97875,0.97875,0.9788930581613507,0.97875,0.9717172782596204,0.9716666666666668,0.0671718882789364,FULL_11,LDA_SVM,2026,4
0.9724938111074992,0.9725,0.9725,0.9727004303873488,0.9725,0.9634055914624744,0.9633333333333334,0.0684678302785433,FULL_11,LDA_SVM,2026,5
0.9787339175251284,0.97875,0.97875,0.9794440683066276,0.97875,0.9719117002961236,0.9716666666666668,0.0523567517470097,FULL_11,LDA_SVM,2027,1
0.9812442560534164,0.98125,0.98125,0.9815336286951516,0.98125,0.975099546493316,0.975,0.0519698698116716,FULL_11,LDA_SVM,2027,2
0.9824982498249824,0.9825,0.9825,0.982593037214886,0.9825,0.9766992238500904,0.9766666666666668,0.0536188404872718,FULL_11,LDA_SVM,2027,3
0.9749843652282676,0.975,0.975,0.9755639097744362,0.975,0.9668681185114434,0.9666666666666668,0.0721000533304001,FULL_11,LDA_SVM,2027,4
0.9787715557550593,0.97875,0.97875,0.9788111348823324,0.97875,0.9716727396402676,0.9716666666666668,0.063670310399899,FULL_11,LDA_SVM,2027,5
0.9762320254692612,0.97625,0.97625,0.9769364828606536,0.97625,0.968577526367149,0.9683333333333334,0.0645260094168944,FULL_11,LDA_SVM,2028,1
0.985,0.985,0.985,0.985,0.985,0.98,0.98,0.0464195698200076,FULL_11,LDA_SVM,2028,2
0.9812405030046462,0.98125,0.98125,0.9817192314436736,0.98125,0.9751645729086892,0.975,0.063664456743195,FULL_11,LDA_SVM,2028,3
0.9824929971988796,0.9825,0.9825,0.982872596153846,0.9825,0.9767969149391224,0.9766666666666668,0.0514402823670953,FULL_11,LDA_SVM,2028,4
0.9737419584747828,0.97375,0.97375,0.9740244299266602,0.97375,0.9650985255036412,0.965,0.0930661286051608,FULL_11,LDA_SVM,2028,5
0.966124708549241,0.96625,0.96625,0.9669277339465522,0.96625,0.9553125179207996,0.955,0.1153091400945767,FULL_11,LDA_Shrinkage,2026,1
0.9712411926152384,0.97125,0.97125,0.9715213636704964,0.97125,0.961764851840416,0.9616666666666668,0.0864000511757213,FULL_11,LDA_Shrinkage,2026,2
0.9837417692706932,0.98375,0.98375,0.9842243042160376,0.98375,0.9784984688844456,0.9783333333333332,0.0645607458163348,FULL_11,LDA_Shrinkage,2026,3
0.9635097287519164,0.96375,0.96375,0.9640679238202458,0.96375,0.951930467286086,0.9516666666666668,0.1178478328781103,FULL_11,LDA_Shrinkage,2026,4
0.9522251184270036,0.9525,0.9525,0.954061449722954,0.9525,0.9373777812173364,0.9366666666666666,0.1239473200930242,FULL_11,LDA_Shrinkage,2026,5
0.972403039527186,0.9725,0.9725,0.9737498993908114,0.9725,0.9638173715162212,0.9633333333333334,0.1024030806212348,FULL_11,LDA_Shrinkage,2027,1
0.9609841801021516,0.96125,0.96125,0.962654213775376,0.96125,0.9489800463516186,0.9483333333333334,0.0960277058743488,FULL_11,LDA_Shrinkage,2027,2
0.9649310795831127,0.965,0.965,0.9650444971521572,0.965,0.9533949087429598,0.9533333333333334,0.1012756555547599,FULL_11,LDA_Shrinkage,2027,3
0.9661436079792364,0.96625,0.96625,0.967283624816056,0.96625,0.9554200790932876,0.955,0.1143657174308643,FULL_11,LDA_Shrinkage,2027,4
0.9699426720267476,0.97,0.97,0.9702236102098204,0.97,0.9601140203102696,0.96,0.0965936123780115,FULL_11,LDA_Shrinkage,2027,5
0.9662583615901577,0.96625,0.96625,0.9671175199344212,0.96625,0.9552926031714448,0.955,0.1054135833430919,FULL_11,LDA_Shrinkage,2028,1
0.9725066355199912,0.9725,0.9725,0.9729428329346091,0.9725,0.9634798737081482,0.9633333333333334,0.0767564678570593,FULL_11,LDA_Shrinkage,2028,2
0.9774138357983836,0.9775,0.9775,0.9778385176574338,0.9775,0.9701697945723756,0.97,0.0854637771708112,FULL_11,LDA_Shrinkage,2028,3
0.9647766192368776,0.965,0.965,0.9658527753226004,0.965,0.953764611927287,0.9533333333333334,0.0951521347448481,FULL_11,LDA_Shrinkage,2028,4
0.9547256708914378,0.955,0.955,0.9557231570331536,0.955,0.9404252467255068,0.94,0.1510020764383891,FULL_11,LDA_Shrinkage,2028,5
0.9812489452531704,0.98125,0.98125,0.981302042959666,0.98125,0.9750182817641764,0.975,0.0512998785671523,FULL_11,LDA_XGBoost,2026,1
0.98,0.98,0.98,0.98,0.98,0.9733333333333334,0.9733333333333334,0.0478319765652527,FULL_11,LDA_XGBoost,2026,2
0.9824986518864398,0.9825,0.9825,0.982935855263158,0.9825,0.9768152352819636,0.9766666666666668,0.0478218108776644,FULL_11,LDA_XGBoost,2026,3
0.9837115969666628,0.98375,0.98375,0.9841191870891216,0.98375,0.9784821554786904,0.9783333333333332,0.0593126006845141,FULL_11,LDA_XGBoost,2026,4
0.9737458977965308,0.97375,0.97375,0.9738899312070044,0.97375,0.9650502643436024,0.965,0.0690704911866741,FULL_11,LDA_XGBoost,2026,5
0.9787275309545708,0.97875,0.97875,0.9797205694057392,0.97875,0.9720089550872392,0.9716666666666668,0.0470318032352769,FULL_11,LDA_XGBoost,2027,1
0.9799994999874996,0.98,0.98,0.98002300230023,0.98,0.9733414445458348,0.9733333333333334,0.0560225253000685,FULL_11,LDA_XGBoost,2027,2
0.9824778505996316,0.9825,0.9825,0.9824739936680236,0.9825,0.9766727708905604,0.9766666666666668,0.0511275414638003,FULL_11,LDA_XGBoost,2027,3
0.9762486639873492,0.97625,0.97625,0.976300917706484,0.97625,0.968351490093994,0.9683333333333334,0.0710950749849138,FULL_11,LDA_XGBoost,2027,4
0.977527774660532,0.9775,0.9775,0.9775735111199562,0.9775,0.9700060625568364,0.97,0.0755008609329991,FULL_11,LDA_XGBoost,2027,5
0.9737818176816968,0.97375,0.97375,0.9740431066518024,0.97375,0.965078415807056,0.965,0.070583167938663,FULL_11,LDA_XGBoost,2028,1
0.9837498984368652,0.98375,0.98375,0.9837558438960974,0.98375,0.9783353715341472,0.9783333333333332,0.0513852766239851,FULL_11,LDA_XGBoost,2028,2
0.98,0.98,0.98,0.98,0.98,0.9733333333333334,0.9733333333333334,0.043239513479726,FULL_11,LDA_XGBoost,2028,3
0.9874987498749874,0.9875,0.9875,0.987595038015206,0.9875,0.983366112750091,0.9833333333333332,0.0631680531108687,FULL_11,LDA_XGBoost,2028,4
0.9737025090415764,0.97375,0.97375,0.9739121623633932,0.97375,0.96508645953484,0.965,0.0707439878879609,FULL_11,LDA_XGBoost,2028,5
0.9774670165326588,0.9775,0.9775,0.9775123765409406,0.9775,0.9700262719006342,0.97,0.0737995760046775,FULL_11,LogisticRegression,2026,1
0.9737498359364746,0.97375,0.97375,0.9737555938898472,0.97375,0.9650020104229492,0.965,0.0641913552492272,FULL_11,LogisticRegression,2026,2
0.984996655978052,0.985,0.985,0.9854341108452952,0.985,0.9801490756754172,0.98,0.048154289698689,FULL_11,LogisticRegression,2026,3
0.9699426720267476,0.97,0.97,0.9702236102098204,0.97,0.9601140203102696,0.96,0.0622704155732023,FULL_11,LogisticRegression,2026,4
0.9712411926152384,0.97125,0.97125,0.9715213636704964,0.97125,0.961764851840416,0.9616666666666668,0.0679216315122154,FULL_11,LogisticRegression,2026,5
0.9761901519322266,0.97625,0.97625,0.9767985469478008,0.97625,0.9685573381213228,0.9683333333333334,0.0543949704669798,FULL_11,LogisticRegression,2027,1
0.9762494862319544,0.97625,0.97625,0.9767888307155324,0.97625,0.9685169654164684,0.9683333333333334,0.0556190443056159,FULL_11,LogisticRegression,2027,2
0.9774749295308096,0.9775,0.9775,0.9774559676491912,0.9775,0.9700020208396484,0.97,0.0666006294546697,FULL_11,LogisticRegression,2027,3
0.9687482420886177,0.96875,0.96875,0.968799229826711,0.96875,0.9583513025887204,0.9583333333333334,0.0788775532403185,FULL_11,LogisticRegression,2027,4
0.9762746418284516,0.97625,0.97625,0.976317229712921,0.97625,0.9683393854734056,0.9683333333333334,0.0645675201919864,FULL_11,LogisticRegression,2027,5
0.9775159700598296,0.9775,0.9775,0.9776567944250872,0.9775,0.970042440285164,0.97,0.0639883503971449,FULL_11,LogisticRegression,2028,1
0.9850119238017984,0.985,0.985,0.9850661790316962,0.985,0.9800142919793045,0.98,0.0542153466619834,FULL_11,LogisticRegression,2028,2
0.9774909963985594,0.9775,0.9775,0.9778645833333334,0.9775,0.9701293592057496,0.97,0.0522332539253652,FULL_11,LogisticRegression,2028,3
0.9762462884825752,0.97625,0.97625,0.9763914946841776,0.97625,0.9683837713016116,0.9683333333333334,0.0642783869892672,FULL_11,LogisticRegression,2028,4
0.9623685869296056,0.9625,0.9625,0.96273224235379,0.9625,0.9501662936533576,0.95,0.0891884611366021,FULL_11,LogisticRegression,2028,5
0.9725146047782148,0.9725,0.9725,0.9725706579371456,0.9725,0.9633473822517652,0.9633333333333334,0.0908249978192937,FULL_11,MLP,2026,1
0.9662810152270114,0.96625,0.96625,0.9663555982463918,0.96625,0.9550139273879956,0.955,0.0834060516106511,FULL_11,MLP,2026,2
0.9824976402773884,0.9825,0.9825,0.9827031673120824,0.9825,0.976735854573524,0.9766666666666668,0.0707498202996651,FULL_11,MLP,2026,3
0.9660808903734616,0.96625,0.96625,0.966492638906432,0.96625,0.9551930481030108,0.955,0.0780367029986358,FULL_11,MLP,2026,4
0.9637181470571397,0.96375,0.96375,0.9637163352576164,0.96375,0.9516765800160074,0.9516666666666668,0.0918349416966858,FULL_11,MLP,2026,5
0.973659942137628,0.97375,0.97375,0.9750213857406596,0.97375,0.9654848756191904,0.965,0.0747784231418415,FULL_11,MLP,2027,1
0.9737041392943552,0.97375,0.97375,0.9754787687371534,0.97375,0.9656177906728132,0.965,0.0695953902647292,FULL_11,MLP,2027,2
0.9662276626273512,0.96625,0.96625,0.9662232398612997,0.96625,0.9550059688059576,0.955,0.0832484122469152,FULL_11,MLP,2027,3
0.9649568495328088,0.965,0.965,0.9649904462557024,0.965,0.95335915382674,0.9533333333333334,0.0969200406023193,FULL_11,MLP,2027,4
0.9624565153727592,0.9625,0.9625,0.9631807219136684,0.9625,0.9502613578150412,0.95,0.0947707668613704,FULL_11,MLP,2027,5
0.9713220063685658,0.97125,0.97125,0.9715055094713384,0.97125,0.961704734899205,0.9616666666666668,0.0773730299115706,FULL_11,MLP,2028,1
0.9737838153547478,0.97375,0.97375,0.9740711688829126,0.97375,0.96508645953484,0.965,0.0756985098600412,FULL_11,MLP,2028,2
0.9585226929306409,0.95875,0.95875,0.9598345934479074,0.95875,0.94551031932687,0.945,0.1058489383018013,FULL_11,MLP,2028,3
0.97371258934027,0.97375,0.97375,0.9738137199369906,0.97375,0.9650462429070688,0.965,0.0845038559288876,FULL_11,MLP,2028,4
0.958501183662217,0.95875,0.95875,0.9595258950770088,0.95875,0.945423565854563,0.945,0.1026076828753384,FULL_11,MLP,2028,5
0.9699779924838292,0.97,0.97,0.9703844681942408,0.97,0.9601460333146944,0.96,0.0962095529071662,FULL_11,PCA_MLP,2026,1
0.9712666311557656,0.97125,0.97125,0.971397550325352,0.97125,0.961704734899205,0.9616666666666668,0.0841585521698303,FULL_11,PCA_MLP,2026,2
0.9787310956982408,0.97875,0.97875,0.9796647195547584,0.97875,0.9719886912648088,0.9716666666666668,0.0646144697644021,FULL_11,PCA_MLP,2026,3
0.9698211937378628,0.97,0.97,0.970627642640121,0.97,0.9603261661502892,0.96,0.0866410087915033,FULL_11,PCA_MLP,2026,4
0.9611415049949548,0.96125,0.96125,0.9614776330139004,0.96125,0.948481545154717,0.9483333333333334,0.0867931818532716,FULL_11,PCA_MLP,2026,5
0.9749488092428776,0.975,0.975,0.9753367162876716,0.975,0.966813714101602,0.9666666666666668,0.0670764895224051,FULL_11,PCA_MLP,2027,1
0.9686108854221184,0.96875,0.96875,0.9697276436710108,0.96875,0.9587548786712748,0.9583333333333334,0.088672162869304,FULL_11,PCA_MLP,2027,2
0.9661975681093956,0.96625,0.96625,0.9663416268625448,0.96625,0.9550656630215768,0.955,0.0962105748438229,FULL_11,PCA_MLP,2027,3
0.958676655560921,0.95875,0.95875,0.9594468842301144,0.95875,0.9452855981681876,0.945,0.1116035898088847,FULL_11,PCA_MLP,2027,4
0.9562358036509768,0.95625,0.95625,0.9569509892500964,0.95625,0.9419159148969768,0.9416666666666668,0.1814609587962278,FULL_11,PCA_MLP,2027,5
0.9625465889292658,0.9625,0.9625,0.96380063060878,0.9625,0.9504218433102292,0.95,0.1158791506030876,FULL_11,PCA_MLP,2028,1
0.9762575078243432,0.97625,0.97625,0.9766029792746114,0.97625,0.9684483434032408,0.9683333333333334,0.0730593214992265,FULL_11,PCA_MLP,2028,2
0.9711665082194784,0.97125,0.97125,0.9714141363567524,0.97125,0.9617768765815796,0.9616666666666668,0.0652086417730295,FULL_11,PCA_MLP,2028,3
0.9686902451475484,0.96875,0.96875,0.9690773212494448,0.96875,0.9584831080210234,0.9583333333333334,0.0814984915981908,FULL_11,PCA_MLP,2028,4
0.9572066069535038,0.9575,0.9575,0.9587544689606808,0.9575,0.94394512937575,0.9433333333333334,0.1113765036436159,FULL_11,PCA_MLP,2028,5
0.9774949363606812,0.9775,0.9775,0.9777049344409968,0.9775,0.9700727581853982,0.97,0.0638722529747503,FULL_11,PCA_SVM,2026,1
0.973777727901844,0.97375,0.97375,0.9738233245435096,0.97375,0.9650060313065436,0.965,0.070280535454319,FULL_11,PCA_SVM,2026,2
0.9824835656325858,0.9825,0.9825,0.9834119968035162,0.9825,0.9769862748718824,0.9766666666666668,0.0499779121216375,FULL_11,PCA_SVM,2026,3
0.9762379704725516,0.97625,0.97625,0.9767090858989452,0.97625,0.968496780957177,0.9683333333333334,0.0654138752873468,FULL_11,PCA_SVM,2026,4
0.968740426755694,0.96875,0.96875,0.9690182974143324,0.96875,0.958431178177191,0.9583333333333334,0.0727191899005008,FULL_11,PCA_SVM,2026,5
0.9774797317585828,0.9775,0.9775,0.9783219590525892,0.9775,0.9702911310155096,0.97,0.0599293539092613,FULL_11,PCA_SVM,2027,1
0.9774797317585828,0.9775,0.9775,0.9783219590525892,0.9775,0.9702911310155096,0.97,0.0636841028391098,FULL_11,PCA_SVM,2027,2
0.9762498515615724,0.97625,0.97625,0.9762556563914098,0.97625,0.9683353507007488,0.9683333333333334,0.0679652083285218,FULL_11,PCA_SVM,2027,3
0.9762462884825752,0.97625,0.97625,0.9763914946841776,0.97625,0.9683837713016116,0.9683333333333334,0.0704276919294913,FULL_11,PCA_SVM,2027,4
0.97499437373409,0.975,0.975,0.9752026824141729,0.975,0.9667391748239365,0.9666666666666668,0.0641781667075985,FULL_11,PCA_SVM,2027,5
0.9824986518864398,0.9825,0.9825,0.982935855263158,0.9825,0.9768152352819636,0.9766666666666668,0.0576996915032693,FULL_11,PCA_SVM,2028,1
0.97874880462026,0.97875,0.97875,0.9788014803330748,0.97875,0.9716848859290852,0.9716666666666668,0.0514000611739851,FULL_11,PCA_SVM,2028,2
0.9762427243343272,0.97625,0.97625,0.976527496182824,0.97625,0.968432199166866,0.9683333333333334,0.0642334859197515,FULL_11,PCA_SVM,2028,3
0.9737419584747828,0.97375,0.97375,0.9740244299266602,0.97375,0.9650985255036412,0.965,0.0720371685059186,FULL_11,PCA_SVM,2028,4
0.9673836698858648,0.9675,0.9675,0.9677676674550046,0.9675,0.95683412729303,0.9566666666666668,0.0856042324583374,FULL_11,PCA_SVM,2028,5
0.9787210201747284,0.97875,0.97875,0.978734356313122,0.97875,0.9716808371155348,0.9716666666666668,0.0718486302633743,FULL_11,PCA_XGBoost,2026,1
0.9664203465535164,0.96625,0.96625,0.9671254573582496,0.96625,0.9551850850420776,0.955,0.0805234660005083,FULL_11,PCA_XGBoost,2026,2
0.986262297534882,0.98625,0.98625,0.9862928503905668,0.98625,0.9816728021408534,0.9816666666666668,0.0583300856644472,FULL_11,PCA_XGBoost,2026,3
0.9786729964837996,0.97875,0.97875,0.9787121209278942,0.97875,0.9717051307560426,0.9716666666666668,0.0674144786320475,FULL_11,PCA_XGBoost,2026,4
0.9749927165217784,0.975,0.975,0.9752837150882966,0.975,0.96676737684735,0.9666666666666668,0.0583453273399391,FULL_11,PCA_XGBoost,2026,5
0.9837467812298828,0.98375,0.98375,0.9837496249906248,0.98375,0.9783353715341472,0.9783333333333332,0.0488488254689701,FULL_11,PCA_XGBoost,2027,1
0.9774949363606812,0.9775,0.9775,0.9777049344409968,0.9775,0.9700727581853982,0.97,0.0782569977415378,FULL_11,PCA_XGBoost,2027,2
0.98373119519497,0.98375,0.98375,0.9837185304632616,0.98375,0.9783353715341472,0.9783333333333332,0.0425149986774363,FULL_11,PCA_XGBoost,2027,3
0.9712770428212132,0.97125,0.97125,0.9713454122505848,0.97125,0.9616806912790112,0.9616666666666668,0.0835483239858276,FULL_11,PCA_XGBoost,2027,4
0.9787617231643052,0.97875,0.97875,0.9789581777445856,0.97875,0.971729426218786,0.9716666666666668,0.0753139376358399,FULL_11,PCA_XGBoost,2027,5
0.9700600531834788,0.97,0.97,0.9703366853987972,0.97,0.9600740085573494,0.96,0.0821772717508477,FULL_11,PCA_XGBoost,2028,1
0.9862499140619628,0.98625,0.98625,0.98625590639766,0.98625,0.9816687118119468,0.9816666666666668,0.0413008968964359,FULL_11,PCA_XGBoost,2028,2
0.979992749436686,0.98,0.98,0.9800460078642071,0.98,0.9733536117448136,0.9733333333333334,0.0503968255782352,FULL_11,PCA_XGBoost,2028,3
0.9787030718174724,0.97875,0.97875,0.979097539888155,0.97875,0.9718144746917828,0.9716666666666668,0.0548051147879844,FULL_11,PCA_XGBoost,2028,4
0.9673962719559976,0.9675,0.9675,0.9673348080903098,0.9675,0.9566806183607496,0.9566666666666668,0.1004083675534242,FULL_11,PCA_XGBoost,2028,5
0.9724986345582796,0.9725,0.9725,0.9728030953868584,0.9725,0.9634377114061876,0.9633333333333334,0.1458431592866723,FULL_11,QDA,2026,1
0.9663599233774672,0.96625,0.96625,0.9665951709768354,0.96625,0.9550417839920944,0.955,0.1269973737595626,FULL_11,QDA,2026,2
0.9824986518864398,0.9825,0.9825,0.982935855263158,0.9825,0.9768152352819636,0.9766666666666668,0.0923658923078561,FULL_11,QDA,2026,3
0.9686776032266112,0.96875,0.96875,0.9696080679677608,0.96875,0.9586729234734704,0.9583333333333334,0.0904926119416889,FULL_11,QDA,2026,4
0.9612494048045984,0.96125,0.96125,0.9618339644925704,0.96125,0.9485349184241904,0.9483333333333334,0.1356195739124131,FULL_11,QDA,2026,5
0.978675761815738,0.97875,0.97875,0.97988150306814,0.97875,0.9720940769832228,0.9716666666666668,0.0629793776533511,FULL_11,QDA,2027,1
0.9637993760734236,0.96375,0.96375,0.96461052528083,0.96375,0.951930467286086,0.9516666666666668,0.093909886554852,FULL_11,QDA,2027,2
0.9750559076476912,0.975,0.975,0.9751361386138614,0.975,0.966674722322918,0.9666666666666668,0.1673560358466194,FULL_11,QDA,2027,3
0.9650329171992366,0.965,0.965,0.9655505952380952,0.965,0.9535002104731938,0.9533333333333334,0.1051301068836255,FULL_11,QDA,2027,4
0.9725202360592788,0.9725,0.9725,0.972758619007082,0.9725,0.9634075988648402,0.9633333333333334,0.1519642502986815,FULL_11,QDA,2027,5
0.965176610792546,0.965,0.965,0.9658106435643564,0.965,0.9534823265878702,0.9533333333333334,0.3178895470184639,FULL_11,QDA,2028,1
0.9750829645378128,0.975,0.975,0.9752438663907774,0.975,0.9666928482858552,0.9666666666666668,0.0954350466225263,FULL_11,QDA,2028,2
0.9749591553279604,0.975,0.975,0.9755770934994252,0.975,0.9668902859042466,0.9666666666666668,0.0950782250350164,FULL_11,QDA,2028,3
0.9712906422433404,0.97125,0.97125,0.971553325901152,0.97125,0.9617428076529726,0.9616666666666668,0.0954943210966991,FULL_11,QDA,2028,4
0.96359901111204,0.96375,0.96375,0.96431771696824,0.96375,0.9519582485355932,0.9516666666666668,0.0877994783328532,FULL_11,QDA,2028,5
0.972499312482812,0.9725,0.9725,0.9725222522252224,0.9725,0.9633413612114596,0.9633333333333334,0.0739398357574654,FULL_11,RandomForest,2026,1
0.962499062476562,0.9625,0.9625,0.9625212521252126,0.9625,0.9500079167656263,0.95,0.081934376427882,FULL_11,RandomForest,2026,2
0.978739236738599,0.97875,0.97875,0.9792141586713096,0.97875,0.9718306769329332,0.9716666666666668,0.0630062698192336,FULL_11,RandomForest,2026,3
0.9774859287054408,0.9775,0.9775,0.9780701754385964,0.9775,0.9702021465063104,0.97,0.0739421593295177,FULL_11,RandomForest,2026,4
0.973730133413394,0.97375,0.97375,0.9744288974146794,0.97375,0.9652433524381744,0.965,0.0703174348202785,FULL_11,RandomForest,2026,5
0.9687263493016594,0.96875,0.96875,0.9694137265227312,0.96875,0.9585750045802248,0.9583333333333334,0.0759059015607565,FULL_11,RandomForest,2027,1
0.9724889955982392,0.9725,0.9725,0.9728565705128204,0.9725,0.9634618034723766,0.9633333333333334,0.0792229193677259,FULL_11,RandomForest,2027,2
0.9799994999874996,0.98,0.98,0.98002300230023,0.98,0.9733414445458348,0.9733333333333334,0.0569513722318295,FULL_11,RandomForest,2027,3
0.9699932484809082,0.97,0.97,0.9701981783605244,0.97,0.9600720081010128,0.96,0.081830186715501,FULL_11,RandomForest,2027,4
0.9762462884825752,0.97625,0.97625,0.9763914946841776,0.97625,0.9683837713016116,0.9683333333333334,0.0671137508563623,FULL_11,RandomForest,2027,5
0.9675,0.9675,0.9675,0.9675,0.9675,0.9566666666666668,0.9566666666666668,0.0858170521196219,FULL_11,RandomForest,2028,1
0.97874880462026,0.97875,0.97875,0.9788014803330748,0.97875,0.9716848859290852,0.9716666666666668,0.0591420400410046,FULL_11,RandomForest,2028,2
0.9749843652282676,0.975,0.975,0.9755639097744362,0.975,0.9668681185114434,0.9666666666666668,0.062996425328394,FULL_11,RandomForest,2028,3
0.9774909963985594,0.9775,0.9775,0.9778645833333334,0.9775,0.9701293592057496,0.97,0.0715366181426319,FULL_11,RandomForest,2028,4
0.9699729756781104,0.97,0.97,0.970794861501405,0.97,0.960288129664834,0.96,0.0812561824243874,FULL_11,RandomForest,2028,5
0.9774949363606812,0.9775,0.9775,0.9777049344409968,0.9775,0.9700727581853982,0.97,0.0636269050327483,FULL_11,SVM_RBF,2026,1
0.973777727901844,0.97375,0.97375,0.9738233245435096,0.97375,0.9650060313065436,0.965,0.0710261488210473,FULL_11,SVM_RBF,2026,2
0.98373712440184,0.98375,0.98375,0.9845263052810224,0.98375,0.9786045259140674,0.9783333333333332,0.0492533153130942,FULL_11,SVM_RBF,2026,3
0.9762379704725516,0.97625,0.97625,0.9767090858989452,0.97625,0.968496780957177,0.9683333333333334,0.0658360551880091,FULL_11,SVM_RBF,2026,4
0.968740426755694,0.96875,0.96875,0.9690182974143324,0.96875,0.958431178177191,0.9583333333333334,0.0725598576763249,FULL_11,SVM_RBF,2026,5
0.9774797317585828,0.9775,0.9775,0.9783219590525892,0.9775,0.9702911310155096,0.97,0.0587789278341275,FULL_11,SVM_RBF,2027,1
0.9774797317585828,0.9775,0.9775,0.9783219590525892,0.9775,0.9702911310155096,0.97,0.0634633506693797,FULL_11,SVM_RBF,2027,2
0.9762498515615724,0.97625,0.97625,0.9762556563914098,0.97625,0.9683353507007488,0.9683333333333334,0.0677426534614736,FULL_11,SVM_RBF,2027,3
0.9762462884825752,0.97625,0.97625,0.9763914946841776,0.97625,0.9683837713016116,0.9683333333333334,0.0698447332659869,FULL_11,SVM_RBF,2027,4
0.97499437373409,0.975,0.975,0.9752026824141729,0.975,0.9667391748239365,0.9666666666666668,0.0640899554290314,FULL_11,SVM_RBF,2027,5
0.9824986518864398,0.9825,0.9825,0.982935855263158,0.9825,0.9768152352819636,0.9766666666666668,0.0575506821720108,FULL_11,SVM_RBF,2028,1
0.97874880462026,0.97875,0.97875,0.9788014803330748,0.97875,0.9716848859290852,0.9716666666666668,0.0503821347816043,FULL_11,SVM_RBF,2028,2
0.9749899959983994,0.975,0.975,0.9753605769230768,0.975,0.9667955813390632,0.9666666666666668,0.0626720066785091,FULL_11,SVM_RBF,2028,3
0.9737419584747828,0.97375,0.97375,0.9740244299266602,0.97375,0.9650985255036412,0.965,0.0711007119055345,FULL_11,SVM_RBF,2028,4
0.9673836698858648,0.9675,0.9675,0.9677676674550046,0.9675,0.95683412729303,0.9566666666666668,0.085409590763748,FULL_11,SVM_RBF,2028,5
0.959844314846771,0.96,0.96,,,0.9467199211600568,0.9466666666666668,0.1424878201122723,FULL_11,TabNet,2026,1
0.9725147798217528,0.9725,0.9725,,,0.963419643542552,0.9633333333333334,0.0808371680874723,FULL_11,TabNet,2026,2
0.9812358095809957,0.98125,0.98125,,,0.9752458742250985,0.975,0.0532096774264543,FULL_11,TabNet,2026,3
0.9711691629034336,0.97125,0.97125,,,0.9619813662134404,0.9616666666666668,0.0711682348476531,FULL_11,TabNet,2026,4
0.9586011517724768,0.95875,0.95875,,,0.9452501305249308,0.945,0.0946371630345013,FULL_11,TabNet,2026,5
0.9774797317585828,0.9775,0.9775,,,0.9702911310155096,0.97,0.0683226875391086,FULL_11,TabNet,2027,1
0.9749899959983994,0.975,0.975,,,0.9667955813390632,0.9666666666666668,0.0611062292081869,FULL_11,TabNet,2027,2
0.9762494296733883,0.97625,0.97625,,,0.968343420296498,0.9683333333333334,0.072878566690109,FULL_11,TabNet,2027,3
0.976278047050294,0.97625,0.97625,,,0.9683353507007488,0.9683333333333334,0.087161370042377,FULL_11,TabNet,2027,4
0.967581642078602,0.9675,0.9675,,,0.9567045369707864,0.9566666666666668,0.086505463514318,FULL_11,TabNet,2027,5
0.9649921232277262,0.965,0.965,,,0.9534048413780888,0.9533333333333334,0.0918161843807001,FULL_11,TabNet,2028,1
0.9699729756781104,0.97,0.97,,,0.960288129664834,0.96,0.0826671149258733,FULL_11,TabNet,2028,2
0.9749099421376278,0.975,0.975,,,0.9671523797221596,0.9666666666666668,0.0629639018282644,FULL_11,TabNet,2028,3
0.9712411926152384,0.97125,0.97125,,,0.961764851840416,0.9616666666666668,0.0788504558946427,FULL_11,TabNet,2028,4
0.9623531512665487,0.9625,0.9625,,,0.9502455118065888,0.95,0.0936806565110254,FULL_11,TabNet,2028,5
0.9887465536320498,0.98875,0.98875,0.9890428274636428,0.98875,0.9851005674829912,0.985,0.0342632497140866,FULL_11,TabPFN,2026,1
0.97874667916862,0.97875,0.97875,0.9788930581613507,0.97875,0.9717172782596204,0.9716666666666668,0.0427328187598616,FULL_11,TabPFN,2026,2
0.9924992499249924,0.9925,0.9925,0.9925970388155262,0.9925,0.9900330016500916,0.99,0.0263633204900548,FULL_11,TabPFN,2026,3
0.9874971868670452,0.9875,0.9875,0.9877139425482936,0.9875,0.9834070916312456,0.9833333333333332,0.0341951304733281,FULL_11,TabPFN,2026,4
0.984998499849985,0.985,0.985,0.985094037615046,0.985,0.9800326683000908,0.98,0.0389745651644316,FULL_11,TabPFN,2026,5
0.9874971868670452,0.9875,0.9875,0.9877139425482936,0.9875,0.9834070916312456,0.9833333333333332,0.027816176867028,FULL_11,TabPFN,2027,1
0.98999899989999,0.99,0.99,0.9900960384153662,0.99,0.9866995572000914,0.9866666666666668,0.0355561479828629,FULL_11,TabPFN,2027,2
0.9874996874921872,0.9875,0.9875,0.9875237523752376,0.9875,0.9833415278802098,0.9833333333333332,0.0300492587290213,FULL_11,TabPFN,2027,3
0.9812470698546648,0.98125,0.98125,0.981394621638524,0.98125,0.9750507852176296,0.975,0.0418413741858268,FULL_11,TabPFN,2027,4
0.9874987498749874,0.9875,0.9875,0.987595038015206,0.9875,0.983366112750091,0.9833333333333332,0.0405569296570841,FULL_11,TabPFN,2027,5
0.9874949979991996,0.9875,0.9875,0.9878806089743588,0.9875,0.9834644706724952,0.9833333333333332,0.036831725143045,FULL_11,TabPFN,2028,1
0.9887499296870604,0.98875,0.98875,0.9887559688992223,0.98875,0.985002052089746,0.985,0.0279561734542383,FULL_11,TabPFN,2028,2
0.9874996874921872,0.9875,0.9875,0.9875237523752376,0.9875,0.9833415278802098,0.9833333333333332,0.0378732012005305,FULL_11,TabPFN,2028,3
0.9887443018027876,0.98875,0.98875,0.9892344497607656,0.98875,0.985166260835958,0.985,0.0312603692663416,FULL_11,TabPFN,2028,4
0.9799994999874996,0.98,0.98,0.98002300230023,0.98,0.9733414445458348,0.9733333333333334,0.0443210801050463,FULL_11,TabPFN,2028,5
0.9725,0.9725,0.9725,0.9725,0.9725,0.9633333333333334,0.9633333333333334,0.0741623679152641,FULL_11,XGBoost,2026,1
0.9636745761225078,0.96375,0.96375,0.9636171415649027,0.96375,0.9516726146390956,0.9516666666666668,0.0863632141143376,FULL_11,XGBoost,2026,2
0.9824890556597874,0.9825,0.9825,0.9830827067669172,0.9825,0.9768702024960444,0.9766666666666668,0.0540669723984367,FULL_11,XGBoost,2026,3
0.97499437373409,0.975,0.975,0.9752026824141729,0.975,0.9667391748239365,0.9666666666666668,0.0687943461823868,FULL_11,XGBoost,2026,4
0.9724972497249724,0.9725,0.9725,0.9725890356142456,0.9725,0.9633654460500892,0.9633333333333334,0.0658631904492384,FULL_11,XGBoost,2026,5
0.9749774797317584,0.975,0.975,0.975812926535528,0.975,0.9669567972319508,0.9666666666666668,0.0648453220581599,FULL_11,XGBoost,2027,1
0.9762379704725516,0.97625,0.97625,0.9767090858989452,0.97625,0.968496780957177,0.9683333333333334,0.0656843354613514,FULL_11,XGBoost,2027,2
0.9787494921749508,0.97875,0.97875,0.9787792212057026,0.97875,0.971676788352596,0.9716666666666668,0.0643243254738449,FULL_11,XGBoost,2027,3
0.96870228864485,0.96875,0.96875,0.968778843339862,0.96875,0.9583752631683322,0.9583333333333334,0.0754028349217858,FULL_11,XGBoost,2027,4
0.9774949363606812,0.9775,0.9775,0.9777049344409968,0.9775,0.9700727581853982,0.97,0.0612355713783431,FULL_11,XGBoost,2027,5
0.9699620295993684,0.97,0.97,0.9699419568822554,0.97,0.9600060000562506,0.96,0.106266981784999,FULL_11,XGBoost,2028,1
0.984998499849985,0.985,0.985,0.985094037615046,0.985,0.9800326683000908,0.98,0.0471575311938708,FULL_11,XGBoost,2028,2
0.9737597529972212,0.97375,0.97375,0.9741057194101236,0.97375,0.9651146141660524,0.965,0.0675506452855646,FULL_11,XGBoost,2028,3
0.9712354379404572,0.97125,0.97125,0.9716989403542172,0.97125,0.9618289890056644,0.9616666666666668,0.0869795946216259,FULL_11,XGBoost,2028,4
0.9649859943977592,0.965,0.965,0.9653445512820512,0.965,0.9534604698723174,0.9533333333333334,0.0806489375236163,FULL_11,XGBoost,2028,5
0.9737458977965308,0.97375,0.97375,0.9738899312070044,0.97375,0.9650502643436024,0.965,0.0872597362827932,REDUCED_7,CatBoost,2026,1
0.9699992499812496,0.97,0.97,0.97002200220022,0.97,0.9600080001000014,0.96,0.0918504485641652,REDUCED_7,CatBoost,2026,2
0.9762320254692612,0.97625,0.97625,0.9769364828606536,0.97625,0.968577526367149,0.9683333333333334,0.0693560837563614,REDUCED_7,CatBoost,2026,3
0.9724938111074992,0.9725,0.9725,0.9727004303873488,0.9725,0.9634055914624744,0.9633333333333334,0.0801387578631689,REDUCED_7,CatBoost,2026,4
0.9749774797317584,0.975,0.975,0.975812926535528,0.975,0.9669567972319508,0.9666666666666668,0.080885770605378,REDUCED_7,CatBoost,2026,5
0.9724662711821982,0.9725,0.9725,0.9735956185308008,0.9725,0.963726935542211,0.9633333333333334,0.0843055048327554,REDUCED_7,CatBoost,2027,1
0.9712354379404572,0.97125,0.97125,0.9716989403542172,0.97125,0.9618289890056644,0.9616666666666668,0.0806909515261504,REDUCED_7,CatBoost,2027,2
0.9762486639873492,0.97625,0.97625,0.976300917706484,0.97625,0.968351490093994,0.9683333333333334,0.0764629530606364,REDUCED_7,CatBoost,2027,3
0.9699932484809082,0.97,0.97,0.9701981783605244,0.97,0.9600720081010128,0.96,0.0883016178444457,REDUCED_7,CatBoost,2027,4
0.9812442560534164,0.98125,0.98125,0.9815336286951516,0.98125,0.975099546493316,0.975,0.069693848003104,REDUCED_7,CatBoost,2027,5
0.9749993749843746,0.975,0.975,0.975022502250225,0.975,0.966674722322918,0.9666666666666668,0.0857421991754889,REDUCED_7,CatBoost,2028,1
0.9774949363606812,0.9775,0.9775,0.9777049344409968,0.9775,0.9700727581853982,0.97,0.0642613046751371,REDUCED_7,CatBoost,2028,2
0.9737419584747828,0.97375,0.97375,0.9740244299266602,0.97375,0.9650985255036412,0.965,0.0712580286440892,REDUCED_7,CatBoost,2028,3
0.98123017437168,0.98125,0.98125,0.982231176721649,0.98125,0.9753434626518608,0.975,0.0693788226436708,REDUCED_7,CatBoost,2028,4
0.963738895036605,0.96375,0.96375,0.9640121649020048,0.96375,0.951763830850741,0.9516666666666668,0.0902237193967279,REDUCED_7,CatBoost,2028,5
0.952347818643652,0.9525,0.9525,0.9535780085920248,0.9525,0.9371373058687134,0.9366666666666666,0.779974294673423,REDUCED_7,KNN,2026,1
0.949938674876724,0.95,0.95,0.9509848256456638,0.95,0.933714678033976,0.9333333333333332,0.4707610202579718,REDUCED_7,KNN,2026,2
0.9537010967834776,0.95375,0.95375,0.954614496246642,0.95375,0.9386638794410216,0.9383333333333334,0.3528338723834804,REDUCED_7,KNN,2026,3
0.9586797586937406,0.95875,0.95875,0.9588585882399464,0.95875,0.9450846676273824,0.945,0.553509549813714,REDUCED_7,KNN,2026,4
0.9498985445527192,0.95,0.95,0.9516332291561648,0.95,0.9339639719267916,0.9333333333333332,0.5201880009051133,REDUCED_7,KNN,2026,5
0.9523001862884556,0.9525,0.9525,0.954292748585838,0.9525,0.9374110322108976,0.9366666666666666,0.5231039749799062,REDUCED_7,KNN,2027,1
0.9524702939337084,0.9525,0.9525,0.9530075187969924,0.9525,0.93686186655764,0.9366666666666666,0.6051745567751021,REDUCED_7,KNN,2027,2
0.956142350553682,0.95625,0.95625,0.9560759053403636,0.95625,0.9416803996059644,0.9416666666666668,0.7293815886715973,REDUCED_7,KNN,2027,3
0.958706383617696,0.95875,0.95875,0.9596357108784614,0.95875,0.9453328945702651,0.945,0.3552754176267377,REDUCED_7,KNN,2027,4
0.9549278846153846,0.955,0.955,0.9563204508856684,0.955,0.9405017347568368,0.94,0.5539267755735092,REDUCED_7,KNN,2027,5
0.9474158653846154,0.9475,0.9475,0.9487721417069244,0.9475,0.9304963971530406,0.93,0.7821635349879666,REDUCED_7,KNN,2028,1
0.9511984533663682,0.95125,0.95125,0.9521038889307324,0.95125,0.9353293718764,0.935,0.5197665831660256,REDUCED_7,KNN,2028,2
0.9586053193988318,0.95875,0.95875,0.9600494793790608,0.95875,0.9455379277131069,0.945,0.598382762367002,REDUCED_7,KNN,2028,3
0.9460392156862744,0.94625,0.94625,0.9493650793650794,0.94625,0.9295444667033224,0.9283333333333332,0.242506534994145,REDUCED_7,KNN,2028,4
0.9373321219652196,0.9375,0.9375,0.9381776939925542,0.9375,0.91701634581881,0.9166666666666666,0.7502380207022072,REDUCED_7,KNN,2028,5
0.974906294320254,0.975,0.975,0.9753208051068264,0.975,0.9668358777525392,0.9666666666666668,0.0933965748485944,REDUCED_7,LDA,2026,1
0.97121133935966,0.97125,0.97125,0.9712143784270084,0.97125,0.9616806912790112,0.9616666666666668,0.0709544744389651,REDUCED_7,LDA,2026,2
0.9862457877725052,0.98625,0.98625,0.9865397612074792,0.98625,0.981766893819766,0.9816666666666668,0.065644003997784,REDUCED_7,LDA,2026,3
0.9698951733381788,0.97,0.97,0.9698687246385944,0.97,0.9600260010562978,0.96,0.11930926698273,REDUCED_7,LDA,2026,4
0.961146835315064,0.96125,0.96125,0.9619599824005792,0.96125,0.9486436696281588,0.9483333333333334,0.1122886725487835,REDUCED_7,LDA,2026,5
0.9749327830497752,0.975,0.975,0.9756645581209612,0.975,0.9669346252643256,0.9666666666666668,0.0953279168191279,REDUCED_7,LDA,2027,1
0.9723656320430514,0.9725,0.9725,0.9727101987853192,0.9725,0.9634919210968726,0.9633333333333334,0.076689564744108,REDUCED_7,LDA,2027,2
0.9711803223747592,0.97125,0.97125,0.9711528051054972,0.97125,0.9616806912790112,0.9616666666666668,0.0853212098626267,REDUCED_7,LDA,2027,3
0.9737419584747828,0.97375,0.97375,0.9740244299266602,0.97375,0.9650985255036412,0.965,0.110704392597153,REDUCED_7,LDA,2027,4
0.9711622126855122,0.97125,0.97125,0.971308399638144,0.97125,0.9617448116073768,0.9616666666666668,0.0957410236722692,REDUCED_7,LDA,2027,5
0.96873417167441,0.96875,0.96875,0.9691938675818532,0.96875,0.9584950930299084,0.9583333333333334,0.1066281081130643,REDUCED_7,LDA,2028,1
0.97999799979998,0.98,0.98,0.980092036814726,0.98,0.97336577940009,0.9733333333333334,0.0615992200054094,REDUCED_7,LDA,2028,2
0.974876184553604,0.975,0.975,0.9752337177276024,0.975,0.9668258031767928,0.9666666666666668,0.0836327926293638,REDUCED_7,LDA,2028,3
0.9723987528421244,0.9725,0.9725,0.9728030925562192,0.9725,0.9635019609327028,0.9633333333333334,0.0781856737434075,REDUCED_7,LDA,2028,4
0.9636020117553588,0.96375,0.96375,0.9636743611148229,0.96375,0.9517400327886224,0.9516666666666668,0.1352573643015626,REDUCED_7,LDA,2028,5
0.9812405030046462,0.98125,0.98125,0.9817192314436736,0.98125,0.9751645729086892,0.975,0.0611337819138564,REDUCED_7,LDA_SVM,2026,1
0.9837490858860812,0.98375,0.98375,0.983802605586257,0.98375,0.9783516775992674,0.9783333333333332,0.0605701492452247,REDUCED_7,LDA_SVM,2026,2
0.9849906191369606,0.985,0.985,0.9855889724310776,0.985,0.9802042304909117,0.98,0.0539422094792691,REDUCED_7,LDA_SVM,2026,3
0.9824890556597874,0.9825,0.9825,0.9830827067669172,0.9825,0.9768702024960444,0.9766666666666668,0.0699544712231101,REDUCED_7,LDA_SVM,2026,4
0.9724828017510944,0.9725,0.9725,0.9730576441102756,0.9725,0.9635340905165763,0.9633333333333334,0.0773824373191497,REDUCED_7,LDA_SVM,2026,5
0.9774724036945256,0.9775,0.9775,0.9786202391719424,0.9775,0.9703963260995964,0.97,0.0675495976363143,REDUCED_7,LDA_SVM,2027,1
0.9824929971988796,0.9825,0.9825,0.982872596153846,0.9825,0.9767969149391224,0.9766666666666668,0.0560796497475057,REDUCED_7,LDA_SVM,2027,2
0.9862478512267542,0.98625,0.98625,0.9863977485928704,0.98625,0.9817177991336477,0.9816666666666668,0.0567694735878672,REDUCED_7,LDA_SVM,2027,3
0.9774949363606812,0.9775,0.9775,0.9777049344409968,0.9775,0.9700727581853982,0.97,0.0762058147052133,REDUCED_7,LDA_SVM,2027,4
0.9812489452531704,0.98125,0.98125,0.981302042959666,0.98125,0.9750182817641764,0.975,0.0727344233681471,REDUCED_7,LDA_SVM,2027,5
0.9812358095809957,0.98125,0.98125,0.9819516537526016,0.98125,0.9752458742250985,0.975,0.0671954895725197,REDUCED_7,LDA_SVM,2028,1
0.9862492265189916,0.98625,0.98625,0.986303168212848,0.98625,0.9816850734343586,0.9816666666666668,0.0489413694749742,REDUCED_7,LDA_SVM,2028,2
0.9824929971988796,0.9825,0.9825,0.982872596153846,0.9825,0.9767969149391224,0.9766666666666668,0.0591721710855507,REDUCED_7,LDA_SVM,2028,3
0.9824890556597874,0.9825,0.9825,0.9830827067669172,0.9825,0.9768702024960444,0.9766666666666668,0.0565697284066176,REDUCED_7,LDA_SVM,2028,4
0.9724889955982392,0.9725,0.9725,0.9728565705128204,0.9725,0.9634618034723766,0.9633333333333334,0.0888183165638155,REDUCED_7,LDA_SVM,2028,5
0.9685822593597178,0.96875,0.96875,0.9699672483451166,0.96875,0.958850852932893,0.9583333333333334,0.1099602044724177,REDUCED_7,LDA_Shrinkage,2026,1
0.9723858392222944,0.9725,0.9725,0.9730186734478918,0.9725,0.963582290919664,0.9633333333333334,0.0853434827260737,REDUCED_7,LDA_Shrinkage,2026,2
0.982484235812231,0.9825,0.9825,0.9833400240867122,0.9825,0.9769597985826264,0.9766666666666668,0.0617595635251888,REDUCED_7,LDA_Shrinkage,2026,3
0.9672481545788074,0.9675,0.9675,0.968257391143496,0.9675,0.9570814918780918,0.9566666666666668,0.117203425498558,REDUCED_7,LDA_Shrinkage,2026,4
0.9520891523885712,0.9525,0.9525,0.9546880287562336,0.9525,0.9376693368589444,0.9366666666666666,0.1215699218884953,REDUCED_7,LDA_Shrinkage,2026,5
0.9710744273308582,0.97125,0.97125,0.972872920614362,0.97125,0.962322472310868,0.9616666666666668,0.1029401328727891,REDUCED_7,LDA_Shrinkage,2027,1
0.9646806229205916,0.965,0.965,0.9663943355119826,0.965,0.9540013681851528,0.9533333333333334,0.0986695378827645,REDUCED_7,LDA_Shrinkage,2027,2
0.9699032984269365,0.97,0.97,0.970117794546445,0.97,0.960104016903052,0.96,0.0950646268491168,REDUCED_7,LDA_Shrinkage,2027,3
0.9635616547480595,0.96375,0.96375,0.9649094265126092,0.96375,0.9521805861298815,0.9516666666666668,0.1085901449035081,REDUCED_7,LDA_Shrinkage,2027,4
0.9749219800740906,0.975,0.975,0.975944618117952,0.975,0.9670354192271088,0.9666666666666668,0.0902445081757529,REDUCED_7,LDA_Shrinkage,2027,5
0.9661097839359708,0.96625,0.96625,0.9680019992288544,0.96625,0.9556831594321225,0.955,0.1028185273382247,REDUCED_7,LDA_Shrinkage,2028,1
0.9774859287054408,0.9775,0.9775,0.9780701754385964,0.9775,0.9702021465063104,0.97,0.0676080638333772,REDUCED_7,LDA_Shrinkage,2028,2
0.9786204603058206,0.97875,0.97875,0.9793459076420536,0.97875,0.9719481674216826,0.9716666666666668,0.084553153075383,REDUCED_7,LDA_Shrinkage,2028,3
0.9634620766459656,0.96375,0.96375,0.9646008484206428,0.96375,0.95213690037885,0.9516666666666668,0.0978601725402916,REDUCED_7,LDA_Shrinkage,2028,4
0.9584565683554443,0.95875,0.95875,0.9600165400615488,0.95875,0.9456168221447732,0.945,0.1427435868942363,REDUCED_7,LDA_Shrinkage,2028,5
0.9812470698546648,0.98125,0.98125,0.981394621638524,0.98125,0.9750507852176296,0.975,0.055459687142872,REDUCED_7,LDA_XGBoost,2026,1
0.9786915143164724,0.97875,0.97875,0.9787487009405752,0.97875,0.9717051307560426,0.9716666666666668,0.0602407708457723,REDUCED_7,LDA_XGBoost,2026,2
0.9849906191369606,0.985,0.985,0.9855889724310776,0.985,0.9802042304909117,0.98,0.0477001907960951,REDUCED_7,LDA_XGBoost,2026,3
0.9762462884825752,0.97625,0.97625,0.9763914946841776,0.97625,0.9683837713016116,0.9683333333333334,0.0976744247232546,REDUCED_7,LDA_XGBoost,2026,4
0.9737597529972212,0.97375,0.97375,0.9741057194101236,0.97375,0.9651146141660524,0.965,0.0676065326277411,REDUCED_7,LDA_XGBoost,2026,5
0.976229966557783,0.97625,0.97625,0.9772977160277876,0.97625,0.968702721674052,0.9683333333333334,0.0578400100010339,REDUCED_7,LDA_XGBoost,2027,1
0.9762427243343272,0.97625,0.97625,0.976527496182824,0.97625,0.968432199166866,0.9683333333333334,0.0598762102890165,REDUCED_7,LDA_XGBoost,2027,2
0.979995498987272,0.98,0.98,0.980207186467821,0.98,0.97340634154686,0.9733333333333334,0.0501861257812664,REDUCED_7,LDA_XGBoost,2027,3
0.9712808139752366,0.97125,0.97125,0.9713294193740982,0.97125,0.9616726771396816,0.9616666666666668,0.0815542608349021,REDUCED_7,LDA_XGBoost,2027,4
0.97874986718667,0.97875,0.97875,0.9787557188929724,0.97875,0.9716686909785482,0.9716666666666668,0.0640205190346477,REDUCED_7,LDA_XGBoost,2027,5
0.9762379704725516,0.97625,0.97625,0.9767090858989452,0.97625,0.968496780957177,0.9683333333333334,0.0652158523753159,REDUCED_7,LDA_XGBoost,2028,1
0.9837498984368652,0.98375,0.98375,0.9837558438960974,0.98375,0.9783353715341472,0.9783333333333332,0.046088886491059,REDUCED_7,LDA_XGBoost,2028,2
0.9850024636292336,0.985,0.985,0.9852644554011654,0.985,0.9800878034654334,0.98,0.0569699194843574,REDUCED_7,LDA_XGBoost,2028,3
0.9874949979991996,0.9875,0.9875,0.9878806089743588,0.9875,0.9834644706724952,0.9833333333333332,0.0510972248586011,REDUCED_7,LDA_XGBoost,2028,4
0.972521581732108,0.9725,0.9725,0.97266674962668,0.9725,0.9633754819326888,0.9633333333333334,0.086486236199424,REDUCED_7,LDA_XGBoost,2028,5
0.9737392181435206,0.97375,0.97375,0.9737818821734888,0.97375,0.9650180942589026,0.965,0.0815046819589758,REDUCED_7,LogisticRegression,2026,1
0.971249820311377,0.97125,0.97125,0.9712555313882848,0.97125,0.9616686701451498,0.9616666666666668,0.0744127227439362,REDUCED_7,LogisticRegression,2026,2
0.984998499849985,0.985,0.985,0.985094037615046,0.985,0.9800326683000908,0.98,0.0571270097010064,REDUCED_7,LogisticRegression,2026,3
0.9699426720267476,0.97,0.97,0.9702236102098204,0.97,0.9601140203102696,0.96,0.0705468381638599,REDUCED_7,LogisticRegression,2026,4
0.9649859943977592,0.965,0.965,0.9653445512820512,0.965,0.9534604698723174,0.9533333333333334,0.0772499208836193,REDUCED_7,LogisticRegression,2026,5
0.9724275782437952,0.9725,0.9725,0.973149936763696,0.9725,0.963600367935828,0.9633333333333334,0.0679210556440788,REDUCED_7,LogisticRegression,2027,1
0.973767023407493,0.97375,0.97375,0.9739668907144636,0.97375,0.9650623289548492,0.965,0.0677872426463895,REDUCED_7,LogisticRegression,2027,2
0.9774772390802008,0.9775,0.9775,0.9774967325507458,0.9775,0.9700141461427808,0.97,0.0738837181135356,REDUCED_7,LogisticRegression,2027,3
0.9674967496749676,0.9675,0.9675,0.9675870348139256,0.9675,0.9566985571500886,0.9566666666666668,0.0847289807421167,REDUCED_7,LogisticRegression,2027,4
0.9737458977965308,0.97375,0.97375,0.9738899312070044,0.97375,0.9650502643436024,0.965,0.0677646160310994,REDUCED_7,LogisticRegression,2027,5
0.9687498046862792,0.96875,0.96875,0.968755468886722,0.96875,0.9583353298673504,0.9583333333333334,0.077515480142984,REDUCED_7,LogisticRegression,2028,1
0.9837564229211178,0.98375,0.98375,0.9839494647747076,0.98375,0.9783965234827228,0.9783333333333332,0.0650492006795912,REDUCED_7,LogisticRegression,2028,2
0.9774909963985594,0.9775,0.9775,0.9778645833333334,0.9775,0.9701293592057496,0.97,0.0597551010971025,REDUCED_7,LogisticRegression,2028,3
0.9762462884825752,0.97625,0.97625,0.9763914946841776,0.97625,0.9683837713016116,0.9683333333333334,0.0685830961475249,REDUCED_7,LogisticRegression,2028,4
0.9586147056181792,0.95875,0.95875,0.9588710862891434,0.95875,0.9451319338742976,0.945,0.092042999398876,REDUCED_7,LogisticRegression,2028,5
0.9687389368776994,0.96875,0.96875,0.9687807569203072,0.96875,0.9583513025887204,0.9583333333333334,0.090050901553825,REDUCED_7,MLP,2026,1
0.9637225651899248,0.96375,0.96375,0.9643985556307832,0.96375,0.9519066567222756,0.9516666666666668,0.1066518577939059,REDUCED_7,MLP,2026,2
0.962499062476562,0.9625,0.9625,0.9625212521252126,0.9625,0.9500079167656263,0.95,0.104026253080943,REDUCED_7,MLP,2026,3
0.9674588653993158,0.9675,0.9675,0.9674355495251016,0.9675,0.9566726458893886,0.9566666666666668,0.0774988006292343,REDUCED_7,MLP,2026,4
0.9649859943977592,0.965,0.965,0.9653445512820512,0.965,0.9534604698723174,0.9533333333333334,0.0867736022520672,REDUCED_7,MLP,2026,5
0.9686860215190922,0.96875,0.96875,0.9690542454862217,0.96875,0.9584791131179676,0.9583333333333334,0.0795157624813334,REDUCED_7,MLP,2027,1
0.9687723236506806,0.96875,0.96875,0.9689756036843415,0.96875,0.9583952316909125,0.9583333333333334,0.0815414373569424,REDUCED_7,MLP,2027,2
0.9712181822308292,0.97125,0.97125,0.9715256935431538,0.97125,0.961780884928864,0.9616666666666668,0.0826013344313544,REDUCED_7,MLP,2027,3
0.9624915606011352,0.9625,0.9625,0.962691422280052,0.9625,0.9500712580166272,0.95,0.0974200461041937,REDUCED_7,MLP,2027,4
0.9749843652282676,0.975,0.975,0.9755639097744362,0.975,0.9668681185114434,0.9666666666666668,0.0836558470953006,REDUCED_7,MLP,2027,5
0.9483987892593968,0.94875,0.94875,0.9543124052324536,0.94875,0.9337876059736944,0.9316666666666666,0.1093537226327071,REDUCED_7,MLP,2028,1
0.9762803004243654,0.97625,0.97625,0.9763521918694332,0.97625,0.9683474551700272,0.9683333333333334,0.0754426866796808,REDUCED_7,MLP,2028,2
0.9762486639873492,0.97625,0.97625,0.976300917706484,0.97625,0.968351490093994,0.9683333333333334,0.075005180074566,REDUCED_7,MLP,2028,3
0.9649439102564104,0.965,0.965,0.9663848631239936,0.965,0.9538421848952316,0.9533333333333334,0.0840806825320093,REDUCED_7,MLP,2028,4
0.9585625143049884,0.95875,0.95875,0.959540994068954,0.95875,0.9453920250574348,0.945,0.0999267812375667,REDUCED_7,MLP,2028,5
0.9536616344182134,0.95375,0.95375,0.9549436685429148,0.95375,0.9388048099716826,0.9383333333333334,0.1148939110359304,REDUCED_7,QDA,2026,1
0.9586482775860108,0.95875,0.95875,0.9612147063264382,0.95875,0.9459128522456324,0.945,0.1202226087046975,REDUCED_7,QDA,2026,2
0.974969337438362,0.975,0.975,0.9761079288513718,0.975,0.9670616308209038,0.9666666666666668,0.0817875840323262,REDUCED_7,QDA,2026,3
0.9636334457238388,0.96375,0.96375,0.9652076565687088,0.96375,0.9522401673003208,0.9516666666666668,0.0919001856036842,REDUCED_7,QDA,2026,4
0.9511638347838098,0.95125,0.95125,0.953233299849322,0.95125,0.93574304105038,0.935,0.1057737281852618,REDUCED_7,QDA,2026,5
0.966046369924246,0.96625,0.96625,0.9694258617626156,0.96625,0.9561979900284704,0.955,0.0985545098589183,REDUCED_7,QDA,2027,1
0.95242795132128,0.9525,0.9525,0.9543002659441016,0.9525,0.9373367113452928,0.9366666666666666,0.111053878276963,REDUCED_7,QDA,2027,2
0.958637247045932,0.95875,0.95875,0.9602918210645144,0.95875,0.9456049867210452,0.945,0.108569424418352,REDUCED_7,QDA,2027,3
0.9600041653825748,0.96,0.96,0.960644799201796,0.96,0.9468856592993312,0.9466666666666668,0.1094088144252078,REDUCED_7,QDA,2027,4
0.9662159660514924,0.96625,0.96625,0.9675863363363364,0.96625,0.955479851001375,0.955,0.0900154019905247,REDUCED_7,QDA,2027,5
0.952557519084581,0.9525,0.9525,0.9537775807722616,0.9525,0.9370728195740202,0.9366666666666666,0.1334774761134946,REDUCED_7,QDA,2028,1
0.9662310900270562,0.96625,0.96625,0.967277225248638,0.96625,0.9553643020985056,0.955,0.1021427434005107,REDUCED_7,QDA,2028,2
0.9737178391783654,0.97375,0.97375,0.9751126126126126,0.97375,0.9654848756191904,0.965,0.0795516292908333,REDUCED_7,QDA,2028,3
0.9573934837092732,0.9575,0.9575,0.9595959595959596,0.9575,0.9441204284501028,0.9433333333333334,0.0907052304801937,REDUCED_7,QDA,2028,4
0.9508521028354522,0.95125,0.95125,0.9544097877995892,0.95125,0.9363254485167488,0.935,0.1187315291587118,REDUCED_7,QDA,2028,5
0.9687482420886177,0.96875,0.96875,0.968799229826711,0.96875,0.9583513025887204,0.9583333333333334,0.0808348144876107,REDUCED_7,RandomForest,2026,1
0.9687451164244414,0.96875,0.96875,0.968886804252658,0.96875,0.9583832504275844,0.9583333333333334,0.1269038418716312,REDUCED_7,RandomForest,2026,2
0.9774909963985594,0.9775,0.9775,0.9778645833333334,0.9775,0.9701293592057496,0.97,0.0661859727397527,REDUCED_7,RandomForest,2026,3
0.9724828017510944,0.9725,0.9725,0.9730576441102756,0.9725,0.9635340905165763,0.9633333333333334,0.0733137980581205,REDUCED_7,RandomForest,2026,4
0.9712196007032428,0.97125,0.97125,0.97218874745801,0.97125,0.962005432393374,0.9616666666666668,0.0720768185041355,REDUCED_7,RandomForest,2026,5
0.9699729756781104,0.97,0.97,0.970794861501405,0.97,0.960288129664834,0.96,0.0774619953455753,REDUCED_7,RandomForest,2027,1
0.9662329054083628,0.96625,0.96625,0.9666887948094892,0.96625,0.955161197054152,0.955,0.0821806740043161,REDUCED_7,RandomForest,2027,2
0.9737498359364746,0.97375,0.97375,0.9737555938898472,0.97375,0.9650020104229492,0.965,0.0671608619153415,REDUCED_7,RandomForest,2027,3
0.9699932484809082,0.97,0.97,0.9701981783605244,0.97,0.9600720081010128,0.96,0.0871922910732282,REDUCED_7,RandomForest,2027,4
0.9737367042065046,0.97375,0.97375,0.9742040131265812,0.97375,0.9651628849814208,0.965,0.0754196957763419,REDUCED_7,RandomForest,2027,5
0.964996499649965,0.965,0.965,0.9650860344137656,0.965,0.9533651127000884,0.9533333333333334,0.0942403522631153,REDUCED_7,RandomForest,2028,1
0.97874667916862,0.97875,0.97875,0.9788930581613507,0.97875,0.9717172782596204,0.9716666666666668,0.0698485908686507,REDUCED_7,RandomForest,2028,2
0.9737367042065046,0.97375,0.97375,0.9742040131265812,0.97375,0.9651628849814208,0.965,0.0643200167546639,REDUCED_7,RandomForest,2028,3
0.9762248875374616,0.97625,0.97625,0.9772099620898296,0.97625,0.9686744475226174,0.9683333333333334,0.0691261248836085,REDUCED_7,RandomForest,2028,4
0.9662396608961494,0.96625,0.96625,0.9665152311581688,0.96625,0.955097504513966,0.955,0.0884609551799409,REDUCED_7,RandomForest,2028,5
0.9724938111074992,0.9725,0.9725,0.9727004303873488,0.9725,0.9634055914624744,0.9633333333333334,0.0706126115535684,REDUCED_7,SVM_RBF,2026,1
0.9724938111074992,0.9725,0.9725,0.9727004303873488,0.9725,0.9634055914624744,0.9633333333333334,0.073649076627467,REDUCED_7,SVM_RBF,2026,2
0.982484235812231,0.9825,0.9825,0.9833400240867122,0.9825,0.9769597985826264,0.9766666666666668,0.0475300986779571,REDUCED_7,SVM_RBF,2026,3
0.9799819837854068,0.98,0.98,0.9808309915696508,0.98,0.973625464799068,0.9733333333333334,0.0557721433874876,REDUCED_7,SVM_RBF,2026,4
0.9799874921826142,0.98,0.98,0.9805764411027568,0.98,0.9735361745011776,0.9733333333333334,0.0595947081231868,REDUCED_7,SVM_RBF,2026,5
0.9774724036945256,0.9775,0.9775,0.9786202391719424,0.9775,0.9703963260995964,0.97,0.0574802315262573,REDUCED_7,SVM_RBF,2027,1
0.9762248875374616,0.97625,0.97625,0.9772099620898296,0.97625,0.9686744475226174,0.9683333333333334,0.0605391636824628,REDUCED_7,SVM_RBF,2027,2
0.9812442560534164,0.98125,0.98125,0.9815336286951516,0.98125,0.975099546493316,0.975,0.054627479353445,REDUCED_7,SVM_RBF,2027,3
0.9762427243343272,0.97625,0.97625,0.976527496182824,0.97625,0.968432199166866,0.9683333333333334,0.0685623017368397,REDUCED_7,SVM_RBF,2027,4
0.9749899959983994,0.975,0.975,0.9753605769230768,0.975,0.9667955813390632,0.9666666666666668,0.0603864207164689,REDUCED_7,SVM_RBF,2027,5
0.9799874921826142,0.98,0.98,0.9805764411027568,0.98,0.9735361745011776,0.9733333333333334,0.0583914429782034,REDUCED_7,SVM_RBF,2028,1
0.9824982498249824,0.9825,0.9825,0.982593037214886,0.9825,0.9766992238500904,0.9766666666666668,0.0546413827649261,REDUCED_7,SVM_RBF,2028,2
0.9787339175251284,0.97875,0.97875,0.9794440683066276,0.97875,0.9719117002961236,0.9716666666666668,0.0568188330721189,REDUCED_7,SVM_RBF,2028,3
0.9799754699506896,0.98,0.98,0.9811325494925134,0.98,0.9737310213782892,0.9733333333333334,0.0597863745687627,REDUCED_7,SVM_RBF,2028,4
0.9661579991092488,0.96625,0.96625,0.9669922697580606,0.96625,0.9553125179207996,0.955,0.0784622952956234,REDUCED_7,SVM_RBF,2028,5
0.9874971868670452,0.9875,0.9875,0.9877139425482936,0.9875,0.9834070916312456,0.9833333333333332,0.0365455672689305,REDUCED_7,TabPFN,2026,1
0.9812489452531704,0.98125,0.98125,0.981302042959666,0.98125,0.9750182817641764,0.975,0.041474410953578,REDUCED_7,TabPFN,2026,2
0.9887465536320498,0.98875,0.98875,0.9890428274636428,0.98875,0.9851005674829912,0.985,0.0264706073308205,REDUCED_7,TabPFN,2026,3
0.9849939975990396,0.985,0.985,0.9853766025641026,0.985,0.9801306928058088,0.98,0.0379890057185446,REDUCED_7,TabPFN,2026,4
0.9824982498249824,0.9825,0.9825,0.982593037214886,0.9825,0.9766992238500904,0.9766666666666668,0.0411285332444211,REDUCED_7,TabPFN,2026,5
0.9862430355367404,0.98625,0.98625,0.9867293769884016,0.98625,0.9818323648602018,0.9816666666666668,0.0300008976280373,REDUCED_7,TabPFN,2027,1
0.98999899989999,0.99,0.99,0.9900960384153662,0.99,0.9866995572000914,0.9866666666666668,0.0377796517163127,REDUCED_7,TabPFN,2027,2
0.9849996249906248,0.985,0.985,0.985023502350235,0.985,0.9800081667687516,0.98,0.0313818042372454,REDUCED_7,TabPFN,2027,3
0.9799994999874996,0.98,0.98,0.98002300230023,0.98,0.9733414445458348,0.9733333333333334,0.0454946925167728,REDUCED_7,TabPFN,2027,4
0.9874971868670452,0.9875,0.9875,0.9877139425482936,0.9875,0.9834070916312456,0.9833333333333332,0.0414646649451328,REDUCED_7,TabPFN,2027,5
0.9849939975990396,0.985,0.985,0.9853766025641026,0.985,0.9801306928058088,0.98,0.036967274790441,REDUCED_7,TabPFN,2028,1
0.9887499296870604,0.98875,0.98875,0.9887559688992223,0.98875,0.985002052089746,0.985,0.0303950248531464,REDUCED_7,TabPFN,2028,2
0.9874996874921872,0.9875,0.9875,0.9875237523752376,0.9875,0.9833415278802098,0.9833333333333332,0.0392622613816206,REDUCED_7,TabPFN,2028,3
0.9887465536320498,0.98875,0.98875,0.9890428274636428,0.98875,0.9851005674829912,0.985,0.0322393392096473,REDUCED_7,TabPFN,2028,4
0.97999799979998,0.98,0.98,0.980092036814726,0.98,0.97336577940009,0.9733333333333334,0.0460370324074444,REDUCED_7,TabPFN,2028,5
0.971245507110486,0.97125,0.97125,0.9713883677298312,0.97125,0.9617167573855936,0.9616666666666668,0.0847313837603816,REDUCED_7,XGBoost,2026,1
0.9661572873365164,0.96625,0.96625,0.9662251960331756,0.96625,0.9550537232829444,0.955,0.1141125232453738,REDUCED_7,XGBoost,2026,2
0.973730133413394,0.97375,0.97375,0.9744288974146794,0.97375,0.9652433524381744,0.965,0.0671026173754217,REDUCED_7,XGBoost,2026,3
0.9749899959983994,0.975,0.975,0.9753605769230768,0.975,0.9667955813390632,0.9666666666666668,0.0892053811645332,REDUCED_7,XGBoost,2026,4
0.9699879951980792,0.97,0.97,0.970352564102564,0.97,0.9601280256056902,0.96,0.0670005565599766,REDUCED_7,XGBoost,2026,5
0.967479674796748,0.9675,0.9675,0.9680451127819548,0.9675,0.9568660345268424,0.9566666666666668,0.0807703548850054,REDUCED_7,XGBoost,2027,1
0.9712282413575266,0.97125,0.97125,0.9719213119687052,0.97125,0.9619091785091995,0.9616666666666668,0.08522600894829,REDUCED_7,XGBoost,2027,2
0.9687379873855304,0.96875,0.96875,0.9691087830080368,0.96875,0.9584631340052456,0.9583333333333334,0.0803867186745388,REDUCED_7,XGBoost,2027,3
0.9636774963699022,0.96375,0.96375,0.9640325982852552,0.96375,0.95181143233106,0.9516666666666668,0.1062897552605671,REDUCED_7,XGBoost,2027,4
0.978743490193872,0.97875,0.97875,0.9790305624389876,0.97875,0.9717658728300912,0.9716666666666668,0.0666918018119379,REDUCED_7,XGBoost,2027,5
0.9612025369992104,0.96125,0.96125,0.9611727348107943,0.96125,0.9483392604722336,0.9483333333333334,0.1249772443874873,REDUCED_7,XGBoost,2028,1
0.9824960616138632,0.9825,0.9825,0.9827094384946452,0.9825,0.9767399249083218,0.9766666666666668,0.0668375111142291,REDUCED_7,XGBoost,2028,2
0.9712411926152384,0.97125,0.97125,0.9715213636704964,0.97125,0.961764851840416,0.9616666666666668,0.0704025595723162,REDUCED_7,XGBoost,2028,3
0.9762165545298076,0.97625,0.97625,0.9775298554368322,0.97625,0.9687875589857082,0.9683333333333334,0.0698455238469891,REDUCED_7,XGBoost,2028,4
0.9612439443663072,0.96125,0.96125,0.9613821138211384,0.96125,0.9483827295535576,0.9483333333333334,0.1111010103444564,REDUCED_7,XGBoost,2028,5
