feature_set,model,seed,calibration,target_coverage,actual_coverage,rejection_rate,confidence_threshold,accuracy_accepted,macro_f1_accepted,n_accepted
FULL_11,CatBoost,2026,temperature_crossfit,1.0,1.0,0.0,0.5005807363806526,0.9755,0.9754844294240471,4000
FULL_11,CatBoost,2026,temperature_crossfit,0.95,0.95,0.050000000000000044,0.862255979328865,0.9894736842105263,0.9889441646702195,3800
FULL_11,CatBoost,2026,temperature_crossfit,0.9,0.9,0.09999999999999998,0.9533963325681943,0.9941666666666666,0.993522787783928,3600
FULL_11,CatBoost,2026,temperature_crossfit,0.8,0.8,0.19999999999999996,0.9874130518467586,0.998125,0.997664858815427,3200
FULL_11,CatBoost,2026,temperature_crossfit,0.7,0.7,0.30000000000000004,0.9938427108529767,0.9992857142857143,0.9990317998350609,2800
FULL_11,CatBoost,2026,temperature_crossfit,0.6,0.6,0.4,0.996334266738478,0.9995833333333334,0.9994039727043826,2400
FULL_11,CatBoost,2026,temperature_crossfit,0.5,0.5,0.5,0.9975957038383675,0.9995,0.9992507661917751,2000
FULL_11,CatBoost,2027,temperature_crossfit,1.0,1.0,0.0,0.49992944473507217,0.976,0.9759856512135692,4000
FULL_11,CatBoost,2027,temperature_crossfit,0.95,0.95,0.050000000000000044,0.8686738230603982,0.9897368421052631,0.9892086198738532,3800
FULL_11,CatBoost,2027,temperature_crossfit,0.9,0.9,0.09999999999999998,0.9550954234387072,0.9955555555555555,0.9950785109092504,3600
FULL_11,CatBoost,2027,temperature_crossfit,0.8,0.8,0.19999999999999996,0.9872681978211771,0.99875,0.9984186654177041,3200
FULL_11,CatBoost,2027,temperature_crossfit,0.7,0.7,0.30000000000000004,0.994319182608592,0.9996428571428572,0.9994817714932946,2800
FULL_11,CatBoost,2027,temperature_crossfit,0.6,0.6,0.4,0.9965919031815892,0.9995833333333334,0.999323413464072,2400
FULL_11,CatBoost,2027,temperature_crossfit,0.5,0.5,0.5,0.9976654860071047,1.0,1.0,2000
FULL_11,CatBoost,2028,temperature_crossfit,1.0,1.0,0.0,0.472026149194558,0.97475,0.9747356341967106,4000
FULL_11,CatBoost,2028,temperature_crossfit,0.95,0.95,0.050000000000000044,0.854655829722398,0.9902631578947368,0.989784537234521,3800
FULL_11,CatBoost,2028,temperature_crossfit,0.9,0.9,0.09999999999999998,0.957764360597894,0.9961111111111111,0.9957042772861358,3600
FULL_11,CatBoost,2028,temperature_crossfit,0.8,0.8,0.19999999999999996,0.9882489190139413,0.99875,0.9984600215972581,3200
FULL_11,CatBoost,2028,temperature_crossfit,0.7,0.7,0.30000000000000004,0.9946239526408753,0.9992857142857143,0.9990412186379929,2800
FULL_11,CatBoost,2028,temperature_crossfit,0.6,0.6,0.4,0.996837491607014,0.9991666666666666,0.9988302139037433,2400
FULL_11,CatBoost,2028,temperature_crossfit,0.5,0.5,0.5,0.9979142893978232,0.9995,0.9992877479509851,2000
FULL_11,FTTransformer,2026,temperature_crossfit,1.0,1.0,0.0,0.5003807690073064,0.97275,0.9727292027647269,4000
FULL_11,FTTransformer,2026,temperature_crossfit,0.95,0.95,0.050000000000000044,0.8678449259493136,0.9910526315789474,0.9905576293935072,3800
FULL_11,FTTransformer,2026,temperature_crossfit,0.9,0.9,0.09999999999999998,0.9538968068409757,0.9961111111111111,0.9956284089138226,3600
FULL_11,FTTransformer,2026,temperature_crossfit,0.8,0.8,0.19999999999999996,0.9871394499147547,0.9984375,0.9978538386185803,3200
FULL_11,FTTransformer,2026,temperature_crossfit,0.7,0.7,0.30000000000000004,0.993983892521564,0.9996428571428572,0.9993019816622302,2800
FULL_11,FTTransformer,2026,temperature_crossfit,0.6,0.6,0.4,0.9961567748522834,1.0,1.0,2400
FULL_11,FTTransformer,2026,temperature_crossfit,0.5,0.5,0.5,0.9978419612698975,1.0,1.0,2000
FULL_11,FTTransformer,2027,temperature_crossfit,1.0,1.0,0.0,0.5015308406605966,0.97225,0.9722405911467886,4000
FULL_11,FTTransformer,2027,temperature_crossfit,0.95,0.95,0.050000000000000044,0.871064954564631,0.9907894736842106,0.9902885413410651,3800
FULL_11,FTTransformer,2027,temperature_crossfit,0.9,0.9,0.09999999999999998,0.951082249124335,0.9958333333333333,0.9952873510503063,3600
FULL_11,FTTransformer,2027,temperature_crossfit,0.8,0.8,0.19999999999999996,0.9869577552511677,0.999375,0.9990527320373427,3200
FULL_11,FTTransformer,2027,temperature_crossfit,0.7,0.7,0.30000000000000004,0.9951163854756934,1.0,1.0,2800
FULL_11,FTTransformer,2027,temperature_crossfit,0.6,0.6,0.4,0.997676697601773,1.0,1.0,2400
FULL_11,FTTransformer,2027,temperature_crossfit,0.5,0.5,0.5,0.9983782799616283,1.0,1.0,2000
FULL_11,FTTransformer,2028,temperature_crossfit,1.0,1.0,0.0,0.5031291909286422,0.97575,0.9757280904974772,4000
FULL_11,FTTransformer,2028,temperature_crossfit,0.95,0.95,0.050000000000000044,0.8549373054890675,0.9886842105263158,0.9880977978679113,3800
FULL_11,FTTransformer,2028,temperature_crossfit,0.9,0.9,0.09999999999999998,0.9414427298349314,0.9947222222222222,0.9941063360287618,3600
FULL_11,FTTransformer,2028,temperature_crossfit,0.8,0.8,0.19999999999999996,0.9858742565551227,0.9984375,0.997840809141973,3200
FULL_11,FTTransformer,2028,temperature_crossfit,0.7,0.7,0.30000000000000004,0.9953242822855655,1.0,1.0,2800
FULL_11,FTTransformer,2028,temperature_crossfit,0.6,0.6,0.4,0.998232874054559,1.0,1.0,2400
FULL_11,FTTransformer,2028,temperature_crossfit,0.5,0.5,0.5,0.998690594209231,1.0,1.0,2000
FULL_11,KNN,2026,temperature_crossfit,1.0,1.0,0.0,0.43785800370587513,0.9725,0.972432822369571,4000
FULL_11,KNN,2026,temperature_crossfit,0.95,0.95,0.050000000000000044,0.5744384178369082,0.9863157894736843,0.9856356950313494,3800
FULL_11,KNN,2026,temperature_crossfit,0.9,0.9,0.09999999999999998,0.6246712839610347,0.9908333333333333,0.9898489923545077,3600
FULL_11,KNN,2026,temperature_crossfit,0.8,0.8,0.19999999999999996,0.998342105888074,0.9953125,0.9942607143500445,3200
FULL_11,KNN,2026,temperature_crossfit,0.7,0.7,0.30000000000000004,0.9983421058880741,0.9953571428571428,0.9945328344726061,2800
FULL_11,KNN,2026,temperature_crossfit,0.6,0.6,0.4,0.9984517189844415,0.995,0.993812533997066,2400
FULL_11,KNN,2026,temperature_crossfit,0.5,0.5,0.5,0.9987014853912889,0.9945,0.9933455677012686,2000
FULL_11,KNN,2027,temperature_crossfit,1.0,1.0,0.0,0.440554863192741,0.9685,0.9684366016262624,4000
FULL_11,KNN,2027,temperature_crossfit,0.95,0.95,0.050000000000000044,0.5520082507529187,0.9842105263157894,0.983399321264458,3800
FULL_11,KNN,2027,temperature_crossfit,0.9,0.9,0.09999999999999998,0.6014834098905657,0.9911111111111112,0.9900936514772924,3600
FULL_11,KNN,2027,temperature_crossfit,0.8,0.8,0.19999999999999996,0.9938855371194478,0.993125,0.9916602289082941,3200
FULL_11,KNN,2027,temperature_crossfit,0.7,0.7,0.30000000000000004,0.9946974584761046,0.9921428571428571,0.9910464709993012,2800
FULL_11,KNN,2027,temperature_crossfit,0.6,0.6,0.4,0.9946974584761047,0.9916666666666667,0.9907007336374127,2400
FULL_11,KNN,2027,temperature_crossfit,0.5,0.5,0.5,0.9951686556837883,0.9905,0.9900382001671189,2000
FULL_11,KNN,2028,temperature_crossfit,1.0,1.0,0.0,0.4455267308939407,0.97275,0.9726989112784458,4000
FULL_11,KNN,2028,temperature_crossfit,0.95,0.95,0.050000000000000044,0.5644215112340594,0.9863157894736843,0.9856514359514312,3800
FULL_11,KNN,2028,temperature_crossfit,0.9,0.9,0.09999999999999998,0.5938918973257454,0.9916666666666667,0.9907323749407704,3600
FULL_11,KNN,2028,temperature_crossfit,0.8,0.8,0.19999999999999996,0.9953484258910791,0.9934375,0.9925327225821626,3200
FULL_11,KNN,2028,temperature_crossfit,0.7,0.7,0.30000000000000004,0.9953484258910791,0.9928571428571429,0.9916860704391467,2800
FULL_11,KNN,2028,temperature_crossfit,0.6,0.6,0.4,0.9955789048034467,0.9925,0.9912055854950675,2400
FULL_11,KNN,2028,temperature_crossfit,0.5,0.5,0.5,0.9972107122987723,0.9915,0.9908997223255946,2000
FULL_11,LDA,2026,temperature_crossfit,1.0,1.0,0.0,0.5007839916781358,0.9765,0.9764676743642515,4000
FULL_11,LDA,2026,temperature_crossfit,0.95,0.95,0.050000000000000044,0.8261945385111811,0.99,0.9894675639326753,3800
FULL_11,LDA,2026,temperature_crossfit,0.9,0.9,0.09999999999999998,0.9419109890079504,0.9958333333333333,0.9953691682435208,3600
FULL_11,LDA,2026,temperature_crossfit,0.8,0.8,0.19999999999999996,0.9891181682265278,0.999375,0.9991741094567536,3200
FULL_11,LDA,2026,temperature_crossfit,0.7,0.7,0.30000000000000004,0.9974593252567026,0.9992857142857143,0.9987720281574697,2800
FULL_11,LDA,2026,temperature_crossfit,0.6,0.6,0.4,0.9995835678420989,0.9995833333333334,0.9987955644344075,2400
FULL_11,LDA,2026,temperature_crossfit,0.5,0.5,0.5,0.9999798402562591,1.0,1.0,2000
FULL_11,LDA,2027,temperature_crossfit,1.0,1.0,0.0,0.5014138347910383,0.97625,0.9762166556078247,4000
FULL_11,LDA,2027,temperature_crossfit,0.95,0.95,0.050000000000000044,0.8280873958891586,0.99,0.9894674219379763,3800
FULL_11,LDA,2027,temperature_crossfit,0.9,0.9,0.09999999999999998,0.941935861870524,0.9958333333333333,0.9953437974763891,3600
FULL_11,LDA,2027,temperature_crossfit,0.8,0.8,0.19999999999999996,0.9889905290510305,0.9990625,0.9987613001949597,3200
FULL_11,LDA,2027,temperature_crossfit,0.7,0.7,0.30000000000000004,0.9974125932684295,0.9992857142857143,0.9987702441382644,2800
FULL_11,LDA,2027,temperature_crossfit,0.6,0.6,0.4,0.9995626537151444,0.9995833333333334,0.9987991913979486,2400
FULL_11,LDA,2027,temperature_crossfit,0.5,0.5,0.5,0.9999805975533204,1.0,1.0,2000
FULL_11,LDA,2028,temperature_crossfit,1.0,1.0,0.0,0.5027023450990087,0.9765,0.9764686477386664,4000
FULL_11,LDA,2028,temperature_crossfit,0.95,0.95,0.050000000000000044,0.8258270339540981,0.9892105263157894,0.9886483461080455,3800
FULL_11,LDA,2028,temperature_crossfit,0.9,0.9,0.09999999999999998,0.9394975508708964,0.9955555555555555,0.9950409270620133,3600
FULL_11,LDA,2028,temperature_crossfit,0.8,0.8,0.19999999999999996,0.9886698918169315,0.9990625,0.9987623686548417,3200
FULL_11,LDA,2028,temperature_crossfit,0.7,0.7,0.30000000000000004,0.9974018433081914,0.9996428571428572,0.9993862665275035,2800
FULL_11,LDA,2028,temperature_crossfit,0.6,0.6,0.4,0.999474871481134,0.9995833333333334,0.9987969020227084,2400
FULL_11,LDA,2028,temperature_crossfit,0.5,0.5,0.5,0.999979355674368,1.0,1.0,2000
FULL_11,LDA_MLP,2026,temperature_crossfit,1.0,1.0,0.0,0.47009571325017363,0.97625,0.9762701107372772,4000
FULL_11,LDA_MLP,2026,temperature_crossfit,0.95,0.95,0.050000000000000044,0.8455769731130776,0.9897368421052631,0.9893296911453602,3800
FULL_11,LDA_MLP,2026,temperature_crossfit,0.9,0.9,0.09999999999999998,0.9428856906419818,0.995,0.9945966173670295,3600
FULL_11,LDA_MLP,2026,temperature_crossfit,0.8,0.8,0.19999999999999996,0.9844087331584662,0.9978125,0.9974301375028618,3200
FULL_11,LDA_MLP,2026,temperature_crossfit,0.7,0.7,0.30000000000000004,0.9940269846718622,0.9992857142857143,0.9990904408532305,2800
FULL_11,LDA_MLP,2026,temperature_crossfit,0.6,0.6,0.4,0.9980665275636378,0.9995833333333334,0.9994335099848639,2400
FULL_11,LDA_MLP,2026,temperature_crossfit,0.5,0.5,0.5,0.9994404685329662,0.9995,0.9992862147041801,2000
FULL_11,LDA_MLP,2027,temperature_crossfit,1.0,1.0,0.0,0.3697935031176326,0.97575,0.9757623850767033,4000
FULL_11,LDA_MLP,2027,temperature_crossfit,0.95,0.95,0.050000000000000044,0.7875292832188668,0.986578947368421,0.9860830867971049,3800
FULL_11,LDA_MLP,2027,temperature_crossfit,0.9,0.9,0.09999999999999998,0.8925098989949684,0.9916666666666667,0.9910664029650078,3600
FULL_11,LDA_MLP,2027,temperature_crossfit,0.8,0.8,0.19999999999999996,0.9605688650122632,0.99375,0.9930264450431349,3200
FULL_11,LDA_MLP,2027,temperature_crossfit,0.7,0.7,0.30000000000000004,0.9855438489392723,0.9953571428571428,0.9943625579231686,2800
FULL_11,LDA_MLP,2027,temperature_crossfit,0.6,0.6,0.4,0.9979416133507999,0.99625,0.995155879745772,2400
FULL_11,LDA_MLP,2027,temperature_crossfit,0.5,0.5,0.5,0.9997767433862841,0.998,0.9973115171137835,2000
FULL_11,LDA_MLP,2028,temperature_crossfit,1.0,1.0,0.0,0.5023032412851103,0.9765,0.9765104724533705,4000
FULL_11,LDA_MLP,2028,temperature_crossfit,0.95,0.95,0.050000000000000044,0.8427733246746246,0.99,0.9895817299153395,3800
FULL_11,LDA_MLP,2028,temperature_crossfit,0.9,0.9,0.09999999999999998,0.9409079261295967,0.9944444444444445,0.9940694244759092,3600
FULL_11,LDA_MLP,2028,temperature_crossfit,0.8,0.8,0.19999999999999996,0.9842514997639265,0.9971875,0.9968514283146134,3200
FULL_11,LDA_MLP,2028,temperature_crossfit,0.7,0.7,0.30000000000000004,0.9936835017716171,0.9978571428571429,0.9975358433740992,2800
FULL_11,LDA_MLP,2028,temperature_crossfit,0.6,0.6,0.4,0.9972400659347038,0.99875,0.998494954605148,2400
FULL_11,LDA_MLP,2028,temperature_crossfit,0.5,0.5,0.5,0.9989925715785519,0.9995,0.9994484075580936,2000
FULL_11,LDA_SVM,2026,temperature_crossfit,1.0,1.0,0.0,0.5007532429766062,0.9785,0.978495882770869,4000
FULL_11,LDA_SVM,2026,temperature_crossfit,0.95,0.95,0.050000000000000044,0.9389512489300306,0.9928947368421053,0.9925124792013311,3800
FULL_11,LDA_SVM,2026,temperature_crossfit,0.9,0.9,0.09999999999999998,0.9564456415206031,0.9938888888888889,0.9930643836650954,3600
FULL_11,LDA_SVM,2026,temperature_crossfit,0.8,0.8,0.19999999999999996,0.9791720855743969,0.9971875,0.99563324720993,3200
FULL_11,LDA_SVM,2026,temperature_crossfit,0.7,0.7,0.30000000000000004,0.9915163382688246,0.9996428571428572,0.9977365051420699,2800
FULL_11,LDA_SVM,2026,temperature_crossfit,0.6,0.6,0.4,0.9978769633154059,1.0,1.0,2400
FULL_11,LDA_SVM,2026,temperature_crossfit,0.5,0.5,0.5,0.998566275735464,1.0,1.0,2000
FULL_11,LDA_SVM,2027,temperature_crossfit,1.0,1.0,0.0,0.5043885574460937,0.9795,0.9794940737873246,4000
FULL_11,LDA_SVM,2027,temperature_crossfit,0.95,0.95,0.050000000000000044,0.9143669031545673,0.9928947368421053,0.9925121475144316,3800
FULL_11,LDA_SVM,2027,temperature_crossfit,0.9,0.9,0.09999999999999998,0.9660244718777112,0.9963888888888889,0.9959400974407708,3600
FULL_11,LDA_SVM,2027,temperature_crossfit,0.8,0.8,0.19999999999999996,0.9869666995292379,0.9990625,0.9986938677901608,3200
FULL_11,LDA_SVM,2027,temperature_crossfit,0.7,0.7,0.30000000000000004,0.994364169610672,0.9996428571428572,0.9990225883429767,2800
FULL_11,LDA_SVM,2027,temperature_crossfit,0.6,0.6,0.4,0.9982400444216271,1.0,1.0,2400
FULL_11,LDA_SVM,2027,temperature_crossfit,0.5,0.5,0.5,0.9989590009162402,1.0,1.0,2000
FULL_11,LDA_SVM,2028,temperature_crossfit,1.0,1.0,0.0,0.5016832215740925,0.9795,0.9794863206441785,4000
FULL_11,LDA_SVM,2028,temperature_crossfit,0.95,0.95,0.050000000000000044,0.914743260547438,0.9923684210526316,0.9919573631188947,3800
FULL_11,LDA_SVM,2028,temperature_crossfit,0.9,0.9,0.09999999999999998,0.9574229260456321,0.9947222222222222,0.9940611941838083,3600
FULL_11,LDA_SVM,2028,temperature_crossfit,0.8,0.8,0.19999999999999996,0.9804728837380493,0.9975,0.9963129256647034,3200
FULL_11,LDA_SVM,2028,temperature_crossfit,0.7,0.7,0.30000000000000004,0.9950557746805377,0.9989285714285714,0.9971803622998162,2800
FULL_11,LDA_SVM,2028,temperature_crossfit,0.6,0.6,0.4,0.9978657138618724,0.9991666666666666,0.9962479295438936,2400
FULL_11,LDA_SVM,2028,temperature_crossfit,0.5,0.5,0.5,0.9986582081973568,0.9995,0.9968547418967587,2000
FULL_11,LDA_Shrinkage,2026,temperature_crossfit,1.0,1.0,0.0,0.5039484179904902,0.9675,0.9673888632785409,4000
FULL_11,LDA_Shrinkage,2026,temperature_crossfit,0.95,0.95,0.050000000000000044,0.7527239711142699,0.9839473684210527,0.983038146210117,3800
FULL_11,LDA_Shrinkage,2026,temperature_crossfit,0.9,0.9,0.09999999999999998,0.8947264091175168,0.9916666666666667,0.9906648092771757,3600
FULL_11,LDA_Shrinkage,2026,temperature_crossfit,0.8,0.8,0.19999999999999996,0.9736719736987528,0.9971875,0.9964014463856417,3200
FULL_11,LDA_Shrinkage,2026,temperature_crossfit,0.7,0.7,0.30000000000000004,0.9932559104370104,0.9992857142857143,0.9987576700371619,2800
FULL_11,LDA_Shrinkage,2026,temperature_crossfit,0.6,0.6,0.4,0.9983919082737549,0.9995833333333334,0.9987682892641349,2400
FULL_11,LDA_Shrinkage,2026,temperature_crossfit,0.5,0.5,0.5,0.9999708684323673,1.0,1.0,2000
FULL_11,LDA_Shrinkage,2027,temperature_crossfit,1.0,1.0,0.0,0.5022590133621201,0.967,0.9668880704383889,4000
FULL_11,LDA_Shrinkage,2027,temperature_crossfit,0.95,0.95,0.050000000000000044,0.7506323412992341,0.9836842105263158,0.9827552214396457,3800
FULL_11,LDA_Shrinkage,2027,temperature_crossfit,0.9,0.9,0.09999999999999998,0.8932377477020818,0.9916666666666667,0.9906588168060343,3600
FULL_11,LDA_Shrinkage,2027,temperature_crossfit,0.8,0.8,0.19999999999999996,0.9745600775252988,0.996875,0.9960647130042926,3200
FULL_11,LDA_Shrinkage,2027,temperature_crossfit,0.7,0.7,0.30000000000000004,0.992706259285186,0.9992857142857143,0.998759236453202,2800
FULL_11,LDA_Shrinkage,2027,temperature_crossfit,0.6,0.6,0.4,0.998394799831639,0.9995833333333334,0.9987643879821736,2400
FULL_11,LDA_Shrinkage,2027,temperature_crossfit,0.5,0.5,0.5,0.9999699177270345,1.0,1.0,2000
FULL_11,LDA_Shrinkage,2028,temperature_crossfit,1.0,1.0,0.0,0.5035654482063187,0.96725,0.9671468396773351,4000
FULL_11,LDA_Shrinkage,2028,temperature_crossfit,0.95,0.95,0.050000000000000044,0.7543172456866049,0.9839473684210527,0.9830381198033933,3800
FULL_11,LDA_Shrinkage,2028,temperature_crossfit,0.9,0.9,0.09999999999999998,0.8953825712961803,0.9913888888888889,0.9903680210142569,3600
FULL_11,LDA_Shrinkage,2028,temperature_crossfit,0.8,0.8,0.19999999999999996,0.9736223203206278,0.9971875,0.9964108090234255,3200
FULL_11,LDA_Shrinkage,2028,temperature_crossfit,0.7,0.7,0.30000000000000004,0.9929197345758385,0.9996428571428572,0.9993803604198499,2800
FULL_11,LDA_Shrinkage,2028,temperature_crossfit,0.6,0.6,0.4,0.9983150444577195,0.9995833333333334,0.9987597883851487,2400
FULL_11,LDA_Shrinkage,2028,temperature_crossfit,0.5,0.5,0.5,0.9999739292742258,1.0,1.0,2000
FULL_11,LDA_XGBoost,2026,temperature_crossfit,1.0,1.0,0.0,0.5006484368850271,0.98025,0.9802438271604939,4000
FULL_11,LDA_XGBoost,2026,temperature_crossfit,0.95,0.95,0.050000000000000044,0.8915493628973342,0.9926315789473684,0.9922680663460421,3800
FULL_11,LDA_XGBoost,2026,temperature_crossfit,0.9,0.9,0.09999999999999998,0.9725714560915912,0.9975,0.9971966566763225,3600
FULL_11,LDA_XGBoost,2026,temperature_crossfit,0.8,0.8,0.19999999999999996,0.994175954067474,0.9990625,0.9987112847168824,3200
FULL_11,LDA_XGBoost,2026,temperature_crossfit,0.7,0.7,0.30000000000000004,0.9976265385669951,1.0,1.0,2800
FULL_11,LDA_XGBoost,2026,temperature_crossfit,0.6,0.6,0.4,0.9984595881582322,1.0,1.0,2400
FULL_11,LDA_XGBoost,2026,temperature_crossfit,0.5,0.5,0.5,0.99896310210364,1.0,1.0,2000
FULL_11,LDA_XGBoost,2027,temperature_crossfit,1.0,1.0,0.0,0.4912962664574465,0.979,0.9789960689315835,4000
FULL_11,LDA_XGBoost,2027,temperature_crossfit,0.95,0.95,0.050000000000000044,0.8811229946935609,0.9931578947368421,0.9928117639149712,3800
FULL_11,LDA_XGBoost,2027,temperature_crossfit,0.9,0.9,0.09999999999999998,0.965606286643323,0.9966666666666667,0.9962567258333849,3600
FULL_11,LDA_XGBoost,2027,temperature_crossfit,0.8,0.8,0.19999999999999996,0.9942771664808482,0.99875,0.9983045456505801,3200
FULL_11,LDA_XGBoost,2027,temperature_crossfit,0.7,0.7,0.30000000000000004,0.9970256669595288,0.9992857142857143,0.9987164925034075,2800
FULL_11,LDA_XGBoost,2027,temperature_crossfit,0.6,0.6,0.4,0.9981391814507504,0.9991666666666666,0.9979641292249603,2400
FULL_11,LDA_XGBoost,2027,temperature_crossfit,0.5,0.5,0.5,0.9985415712505203,1.0,1.0,2000
FULL_11,LDA_XGBoost,2028,temperature_crossfit,1.0,1.0,0.0,0.3745954125903817,0.97975,0.979749979397982,4000
FULL_11,LDA_XGBoost,2028,temperature_crossfit,0.95,0.95,0.050000000000000044,0.8884326785152848,0.9936842105263158,0.9933603136788831,3800
FULL_11,LDA_XGBoost,2028,temperature_crossfit,0.9,0.9,0.09999999999999998,0.973433634707727,0.9969444444444444,0.9965778607387296,3600
FULL_11,LDA_XGBoost,2028,temperature_crossfit,0.8,0.8,0.19999999999999996,0.9922091790356496,0.9984375,0.997874458071155,3200
FULL_11,LDA_XGBoost,2028,temperature_crossfit,0.7,0.7,0.30000000000000004,0.9964084924866397,0.9985714285714286,0.997519142756557,2800
FULL_11,LDA_XGBoost,2028,temperature_crossfit,0.6,0.6,0.4,0.9974908412103298,0.9983333333333333,0.9960676668622357,2400
FULL_11,LDA_XGBoost,2028,temperature_crossfit,0.5,0.5,0.5,0.998192096974187,0.998,0.9949322689888728,2000
FULL_11,LogisticRegression,2026,temperature_crossfit,1.0,1.0,0.0,0.5006126958682937,0.9755,0.975485444826838,4000
FULL_11,LogisticRegression,2026,temperature_crossfit,0.95,0.95,0.050000000000000044,0.8418160017362303,0.9910526315789474,0.9905760796884833,3800
FULL_11,LogisticRegression,2026,temperature_crossfit,0.9,0.9,0.09999999999999998,0.9419737560076064,0.9963888888888889,0.9959509563929768,3600
FULL_11,LogisticRegression,2026,temperature_crossfit,0.8,0.8,0.19999999999999996,0.9904318925815278,1.0,1.0,3200
FULL_11,LogisticRegression,2026,temperature_crossfit,0.7,0.7,0.30000000000000004,0.9971605933917329,1.0,1.0,2800
FULL_11,LogisticRegression,2026,temperature_crossfit,0.6,0.6,0.4,0.999033562131774,1.0,1.0,2400
FULL_11,LogisticRegression,2026,temperature_crossfit,0.5,0.5,0.5,0.9996358407284738,1.0,1.0,2000
FULL_11,LogisticRegression,2027,temperature_crossfit,1.0,1.0,0.0,0.5006572385617404,0.975,0.9749904706277703,4000
FULL_11,LogisticRegression,2027,temperature_crossfit,0.95,0.95,0.050000000000000044,0.8434430627223586,0.9902631578947368,0.9897392097202726,3800
FULL_11,LogisticRegression,2027,temperature_crossfit,0.9,0.9,0.09999999999999998,0.9396583664024122,0.9961111111111111,0.9956418512375191,3600
FULL_11,LogisticRegression,2027,temperature_crossfit,0.8,0.8,0.19999999999999996,0.9900654692467241,0.9996875,0.9995826092364013,3200
FULL_11,LogisticRegression,2027,temperature_crossfit,0.7,0.7,0.30000000000000004,0.9970754803079572,1.0,1.0,2800
FULL_11,LogisticRegression,2027,temperature_crossfit,0.6,0.6,0.4,0.999032090975381,1.0,1.0,2400
FULL_11,LogisticRegression,2027,temperature_crossfit,0.5,0.5,0.5,0.9995955529874812,1.0,1.0,2000
FULL_11,LogisticRegression,2028,temperature_crossfit,1.0,1.0,0.0,0.5006472445301348,0.97575,0.975737753987776,4000
FULL_11,LogisticRegression,2028,temperature_crossfit,0.95,0.95,0.050000000000000044,0.8314837435825803,0.9889473684210527,0.9883682311109575,3800
FULL_11,LogisticRegression,2028,temperature_crossfit,0.9,0.9,0.09999999999999998,0.9377223207895519,0.9961111111111111,0.9956465240178991,3600
FULL_11,LogisticRegression,2028,temperature_crossfit,0.8,0.8,0.19999999999999996,0.9895179511767864,0.9990625,0.998749891623669,3200
FULL_11,LogisticRegression,2028,temperature_crossfit,0.7,0.7,0.30000000000000004,0.997067752957998,1.0,1.0,2800
FULL_11,LogisticRegression,2028,temperature_crossfit,0.6,0.6,0.4,0.9989900516987411,1.0,1.0,2400
FULL_11,LogisticRegression,2028,temperature_crossfit,0.5,0.5,0.5,0.9995785394119557,1.0,1.0,2000
FULL_11,MLP,2026,temperature_crossfit,1.0,1.0,0.0,0.3773585274220558,0.97025,0.9702230750585373,4000
FULL_11,MLP,2026,temperature_crossfit,0.95,0.95,0.050000000000000044,0.7839096886773612,0.9842105263157894,0.9836339849850253,3800
FULL_11,MLP,2026,temperature_crossfit,0.9,0.9,0.09999999999999998,0.9153327262887864,0.9930555555555556,0.9925216283685385,3600
FULL_11,MLP,2026,temperature_crossfit,0.8,0.8,0.19999999999999996,0.9824014402919821,0.9984375,0.9981116789266196,3200
FULL_11,MLP,2026,temperature_crossfit,0.7,0.7,0.30000000000000004,0.994419396590993,0.9996428571428572,0.9994979506908257,2800
FULL_11,MLP,2026,temperature_crossfit,0.6,0.6,0.4,0.9978530062764033,0.9995833333333334,0.9993002043650969,2400
FULL_11,MLP,2026,temperature_crossfit,0.5,0.5,0.5,0.9989775423091394,1.0,1.0,2000
FULL_11,MLP,2027,temperature_crossfit,1.0,1.0,0.0,0.5016087284506531,0.96825,0.9682041362292795,4000
FULL_11,MLP,2027,temperature_crossfit,0.95,0.95,0.050000000000000044,0.784333783834922,0.9847368421052631,0.9841623427403078,3800
FULL_11,MLP,2027,temperature_crossfit,0.9,0.9,0.09999999999999998,0.9135192956706591,0.9930555555555556,0.9924778651304991,3600
FULL_11,MLP,2027,temperature_crossfit,0.8,0.8,0.19999999999999996,0.980260753076137,0.9971875,0.9965953210552514,3200
FULL_11,MLP,2027,temperature_crossfit,0.7,0.7,0.30000000000000004,0.9933567850413595,0.9996428571428572,0.9995064356095896,2800
FULL_11,MLP,2027,temperature_crossfit,0.6,0.6,0.4,0.9973635136918784,1.0,1.0,2400
FULL_11,MLP,2027,temperature_crossfit,0.5,0.5,0.5,0.9988415143768941,1.0,1.0,2000
FULL_11,MLP,2028,temperature_crossfit,1.0,1.0,0.0,0.40554675611574564,0.96725,0.9672063664974802,4000
FULL_11,MLP,2028,temperature_crossfit,0.95,0.95,0.050000000000000044,0.7781528265225649,0.9839473684210527,0.9833841445767482,3800
FULL_11,MLP,2028,temperature_crossfit,0.9,0.9,0.09999999999999998,0.9075063496500057,0.9925,0.9919473307738368,3600
FULL_11,MLP,2028,temperature_crossfit,0.8,0.8,0.19999999999999996,0.9780672460902512,0.9978125,0.9973623690660074,3200
FULL_11,MLP,2028,temperature_crossfit,0.7,0.7,0.30000000000000004,0.9935332329897876,0.9989285714285714,0.9983883207853114,2800
FULL_11,MLP,2028,temperature_crossfit,0.6,0.6,0.4,0.9977410951915809,1.0,1.0,2400
FULL_11,MLP,2028,temperature_crossfit,0.5,0.5,0.5,0.9991202137810329,1.0,1.0,2000
FULL_11,PCA_MLP,2026,temperature_crossfit,1.0,1.0,0.0,0.3729990136680774,0.97025,0.970195627108178,4000
FULL_11,PCA_MLP,2026,temperature_crossfit,0.95,0.95,0.050000000000000044,0.8041411140747089,0.9852631578947368,0.9847014118099989,3800
FULL_11,PCA_MLP,2026,temperature_crossfit,0.9,0.9,0.09999999999999998,0.9232704444689112,0.9933333333333333,0.9928347584035335,3600
FULL_11,PCA_MLP,2026,temperature_crossfit,0.8,0.8,0.19999999999999996,0.9825238974608032,0.9978125,0.9973617767222246,3200
FULL_11,PCA_MLP,2026,temperature_crossfit,0.7,0.7,0.30000000000000004,0.9942506137635838,1.0,1.0,2800
FULL_11,PCA_MLP,2026,temperature_crossfit,0.6,0.6,0.4,0.9976847659524982,1.0,1.0,2400
FULL_11,PCA_MLP,2026,temperature_crossfit,0.5,0.5,0.5,0.9989440013355287,1.0,1.0,2000
FULL_11,PCA_MLP,2027,temperature_crossfit,1.0,1.0,0.0,0.34693630289094346,0.965,0.9649325410916807,4000
FULL_11,PCA_MLP,2027,temperature_crossfit,0.95,0.95,0.050000000000000044,0.7663870790359931,0.9828947368421053,0.9823088966470624,3800
FULL_11,PCA_MLP,2027,temperature_crossfit,0.9,0.9,0.09999999999999998,0.8826129094820255,0.9891666666666666,0.988462324603975,3600
FULL_11,PCA_MLP,2027,temperature_crossfit,0.8,0.8,0.19999999999999996,0.9687800465515504,0.9959375,0.9952504170348326,3200
FULL_11,PCA_MLP,2027,temperature_crossfit,0.7,0.7,0.30000000000000004,0.9896204765554226,0.9978571428571429,0.9973423906885686,2800
FULL_11,PCA_MLP,2027,temperature_crossfit,0.6,0.6,0.4,0.9966731995697663,0.9995833333333334,0.9994043100323492,2400
FULL_11,PCA_MLP,2027,temperature_crossfit,0.5,0.5,0.5,0.9989737315395171,1.0,1.0,2000
FULL_11,PCA_MLP,2028,temperature_crossfit,1.0,1.0,0.0,0.4613884996959951,0.96725,0.9671930222294307,4000
FULL_11,PCA_MLP,2028,temperature_crossfit,0.95,0.95,0.050000000000000044,0.7885997672843483,0.9852631578947368,0.9847123587262747,3800
FULL_11,PCA_MLP,2028,temperature_crossfit,0.9,0.9,0.09999999999999998,0.9102016088530152,0.9925,0.9919389494581641,3600
FULL_11,PCA_MLP,2028,temperature_crossfit,0.8,0.8,0.19999999999999996,0.9786051517305365,0.9975,0.9970919756007258,3200
FULL_11,PCA_MLP,2028,temperature_crossfit,0.7,0.7,0.30000000000000004,0.9927962204844893,0.9992857142857143,0.9991469257954078,2800
FULL_11,PCA_MLP,2028,temperature_crossfit,0.6,0.6,0.4,0.9971591530539358,0.9995833333333334,0.999600683234082,2400
FULL_11,PCA_MLP,2028,temperature_crossfit,0.5,0.5,0.5,0.9987821051825579,0.9995,0.9995223703935401,2000
FULL_11,PCA_SVM,2026,temperature_crossfit,1.0,1.0,0.0,0.5000650964659363,0.97575,0.9757535486944485,4000
FULL_11,PCA_SVM,2026,temperature_crossfit,0.95,0.95,0.050000000000000044,0.8539846310779795,0.9910526315789474,0.9905866438389764,3800
FULL_11,PCA_SVM,2026,temperature_crossfit,0.9,0.9,0.09999999999999998,0.9553475214974454,0.9966666666666667,0.9962615012856656,3600
FULL_11,PCA_SVM,2026,temperature_crossfit,0.8,0.8,0.19999999999999996,0.9905260980139456,0.999375,0.999182315713026,3200
FULL_11,PCA_SVM,2026,temperature_crossfit,0.7,0.7,0.30000000000000004,0.9970415817022691,1.0,1.0,2800
FULL_11,PCA_SVM,2026,temperature_crossfit,0.6,0.6,0.4,0.9984619758531751,1.0,1.0,2400
FULL_11,PCA_SVM,2026,temperature_crossfit,0.5,0.5,0.5,0.999098108510444,1.0,1.0,2000
FULL_11,PCA_SVM,2027,temperature_crossfit,1.0,1.0,0.0,0.4834601213141983,0.9765,0.9764771050232363,4000
FULL_11,PCA_SVM,2027,temperature_crossfit,0.95,0.95,0.050000000000000044,0.8445222040913715,0.9923684210526316,0.9919665124273886,3800
FULL_11,PCA_SVM,2027,temperature_crossfit,0.9,0.9,0.09999999999999998,0.9514545517152423,0.9958333333333333,0.9953235309523856,3600
FULL_11,PCA_SVM,2027,temperature_crossfit,0.8,0.8,0.19999999999999996,0.9903693945075852,0.999375,0.9991742894543463,3200
FULL_11,PCA_SVM,2027,temperature_crossfit,0.7,0.7,0.30000000000000004,0.9967652483918781,0.9996428571428572,0.9994403790618779,2800
FULL_11,PCA_SVM,2027,temperature_crossfit,0.6,0.6,0.4,0.9983755939752926,0.9995833333333334,0.9992925570381059,2400
FULL_11,PCA_SVM,2027,temperature_crossfit,0.5,0.5,0.5,0.9990643620265972,1.0,1.0,2000
FULL_11,PCA_SVM,2028,temperature_crossfit,1.0,1.0,0.0,0.37494201855261594,0.976,0.97597670149623,4000
FULL_11,PCA_SVM,2028,temperature_crossfit,0.95,0.95,0.050000000000000044,0.8507791508962759,0.9910526315789474,0.990581066977715,3800
FULL_11,PCA_SVM,2028,temperature_crossfit,0.9,0.9,0.09999999999999998,0.9439632046042675,0.9955555555555555,0.9950187570097072,3600
FULL_11,PCA_SVM,2028,temperature_crossfit,0.8,0.8,0.19999999999999996,0.98987037419764,0.9984375,0.9979102159443524,3200
FULL_11,PCA_SVM,2028,temperature_crossfit,0.7,0.7,0.30000000000000004,0.9968054950859683,0.9996428571428572,0.9994474896096287,2800
FULL_11,PCA_SVM,2028,temperature_crossfit,0.6,0.6,0.4,0.9983675797157098,1.0,1.0,2400
FULL_11,PCA_SVM,2028,temperature_crossfit,0.5,0.5,0.5,0.9990535883996946,1.0,1.0,2000
FULL_11,PCA_XGBoost,2026,temperature_crossfit,1.0,1.0,0.0,0.5016447093774429,0.977,0.9770020867227267,4000
FULL_11,PCA_XGBoost,2026,temperature_crossfit,0.95,0.95,0.050000000000000044,0.8703007175762111,0.9907894736842106,0.9904062144868484,3800
FULL_11,PCA_XGBoost,2026,temperature_crossfit,0.9,0.9,0.09999999999999998,0.9585494303188182,0.9961111111111111,0.9957738902454036,3600
FULL_11,PCA_XGBoost,2026,temperature_crossfit,0.8,0.8,0.19999999999999996,0.9913408483215641,0.998125,0.997712111736502,3200
FULL_11,PCA_XGBoost,2026,temperature_crossfit,0.7,0.7,0.30000000000000004,0.9958817687093855,0.9985714285714286,0.9981363308495916,2800
FULL_11,PCA_XGBoost,2026,temperature_crossfit,0.6,0.6,0.4,0.9976076996091462,0.9991666666666666,0.9988887093852653,2400
FULL_11,PCA_XGBoost,2026,temperature_crossfit,0.5,0.5,0.5,0.9982806344146824,0.999,0.9987543114067504,2000
FULL_11,PCA_XGBoost,2027,temperature_crossfit,1.0,1.0,0.0,0.4734186179331341,0.979,0.978998917917337,4000
FULL_11,PCA_XGBoost,2027,temperature_crossfit,0.95,0.95,0.050000000000000044,0.8652145351787345,0.9913157894736843,0.9909275542143436,3800
FULL_11,PCA_XGBoost,2027,temperature_crossfit,0.9,0.9,0.09999999999999998,0.9547107052989054,0.9952777777777778,0.9948138414204003,3600
FULL_11,PCA_XGBoost,2027,temperature_crossfit,0.8,0.8,0.19999999999999996,0.9867897575324274,0.9965625,0.9958472021111884,3200
FULL_11,PCA_XGBoost,2027,temperature_crossfit,0.7,0.7,0.30000000000000004,0.9934185351729293,0.9978571428571429,0.9973416779686558,2800
FULL_11,PCA_XGBoost,2027,temperature_crossfit,0.6,0.6,0.4,0.9962685219110042,0.9979166666666667,0.9974873458189939,2400
FULL_11,PCA_XGBoost,2027,temperature_crossfit,0.5,0.5,0.5,0.9982800009305905,0.998,0.9977471877901638,2000
FULL_11,PCA_XGBoost,2028,temperature_crossfit,1.0,1.0,0.0,0.4977900752383775,0.9765,0.9764848599466599,4000
FULL_11,PCA_XGBoost,2028,temperature_crossfit,0.95,0.95,0.050000000000000044,0.843251190574874,0.99,0.9895899648815124,3800
FULL_11,PCA_XGBoost,2028,temperature_crossfit,0.9,0.9,0.09999999999999998,0.9516030409091609,0.9952777777777778,0.9948397997798386,3600
FULL_11,PCA_XGBoost,2028,temperature_crossfit,0.8,0.8,0.19999999999999996,0.9892141166749366,0.998125,0.9976959990953616,3200
FULL_11,PCA_XGBoost,2028,temperature_crossfit,0.7,0.7,0.30000000000000004,0.9949103363839273,0.9989285714285714,0.9986154334709432,2800
FULL_11,PCA_XGBoost,2028,temperature_crossfit,0.6,0.6,0.4,0.9971187783646478,0.99875,0.998359810008361,2400
FULL_11,PCA_XGBoost,2028,temperature_crossfit,0.5,0.5,0.5,0.9984073490840116,0.9985,0.9980565244178339,2000
FULL_11,QDA,2026,temperature_crossfit,1.0,1.0,0.0,0.5009274790044772,0.97025,0.9702559454615438,4000
FULL_11,QDA,2026,temperature_crossfit,0.95,0.95,0.050000000000000044,0.7593053162663094,0.9873684210526316,0.9868798539884727,3800
FULL_11,QDA,2026,temperature_crossfit,0.9,0.9,0.09999999999999998,0.8602948969948895,0.9908333333333333,0.990133150916936,3600
FULL_11,QDA,2026,temperature_crossfit,0.8,0.8,0.19999999999999996,0.9473178152497242,0.9953125,0.9947622615373162,3200
FULL_11,QDA,2026,temperature_crossfit,0.7,0.7,0.30000000000000004,0.9910384186419681,0.9964285714285714,0.9962262617178174,2800
FULL_11,QDA,2026,temperature_crossfit,0.6,0.6,0.4,0.9995460638351726,0.9970833333333333,0.9948984748580907,2400
FULL_11,QDA,2026,temperature_crossfit,0.5,0.5,0.5,0.9999420730732554,0.9975,0.9975686073473993,2000
FULL_11,QDA,2027,temperature_crossfit,1.0,1.0,0.0,0.5061042608914899,0.971,0.9710110389016351,4000
FULL_11,QDA,2027,temperature_crossfit,0.95,0.95,0.050000000000000044,0.756142480474138,0.9878947368421053,0.9873961870940023,3800
FULL_11,QDA,2027,temperature_crossfit,0.9,0.9,0.09999999999999998,0.8566563013988248,0.9913888888888889,0.9907414496367929,3600
FULL_11,QDA,2027,temperature_crossfit,0.8,0.8,0.19999999999999996,0.9487876716539208,0.99625,0.995928420275326,3200
FULL_11,QDA,2027,temperature_crossfit,0.7,0.7,0.30000000000000004,0.9900904922513151,0.9971428571428571,0.9974728672303463,2800
FULL_11,QDA,2027,temperature_crossfit,0.6,0.6,0.4,0.9994797972214621,0.9966666666666667,0.9969355020007571,2400
FULL_11,QDA,2027,temperature_crossfit,0.5,0.5,0.5,0.9999262479983503,0.9975,0.997564943327898,2000
FULL_11,QDA,2028,temperature_crossfit,1.0,1.0,0.0,0.5010226534231752,0.97,0.9700403546847605,4000
FULL_11,QDA,2028,temperature_crossfit,0.95,0.95,0.050000000000000044,0.7402698208609508,0.9863157894736843,0.9858414270432907,3800
FULL_11,QDA,2028,temperature_crossfit,0.9,0.9,0.09999999999999998,0.8354244724659581,0.9902777777777778,0.9896712351140349,3600
FULL_11,QDA,2028,temperature_crossfit,0.8,0.8,0.19999999999999996,0.9374613989121976,0.9940625,0.9936033126970036,3200
FULL_11,QDA,2028,temperature_crossfit,0.7,0.7,0.30000000000000004,0.9891410957388792,0.9957142857142857,0.9955673223479838,2800
FULL_11,QDA,2028,temperature_crossfit,0.6,0.6,0.4,0.9994461320188966,0.9966666666666667,0.9969777734530685,2400
FULL_11,QDA,2028,temperature_crossfit,0.5,0.5,0.5,0.9998987116447727,0.9965,0.9965803030346063,2000
FULL_11,RandomForest,2026,temperature_crossfit,1.0,1.0,0.0,0.5019198539313435,0.973,0.9729921947442811,4000
FULL_11,RandomForest,2026,temperature_crossfit,0.95,0.95,0.050000000000000044,0.8082128242775285,0.988421052631579,0.9877765554333211,3800
FULL_11,RandomForest,2026,temperature_crossfit,0.9,0.9,0.09999999999999998,0.9235761575279436,0.9941666666666666,0.9934162029596519,3600
FULL_11,RandomForest,2026,temperature_crossfit,0.8,0.8,0.19999999999999996,0.9809210094963325,0.9975,0.9965915626374371,3200
FULL_11,RandomForest,2026,temperature_crossfit,0.7,0.7,0.30000000000000004,0.9962741661724598,0.9996428571428572,0.9993225235624149,2800
FULL_11,RandomForest,2026,temperature_crossfit,0.6,0.6,0.4,0.9999999999969998,1.0,1.0,2400
FULL_11,RandomForest,2026,temperature_crossfit,0.5,0.5,0.5,0.9999999999969998,1.0,1.0,2000
FULL_11,RandomForest,2027,temperature_crossfit,1.0,1.0,0.0,0.4999999999989999,0.9735,0.9734948049817764,4000
FULL_11,RandomForest,2027,temperature_crossfit,0.95,0.95,0.050000000000000044,0.8159068359697351,0.9881578947368421,0.9874996874921873,3800
FULL_11,RandomForest,2027,temperature_crossfit,0.9,0.9,0.09999999999999998,0.9298488801618646,0.9952777777777778,0.9946758013212625,3600
FULL_11,RandomForest,2027,temperature_crossfit,0.8,0.8,0.19999999999999996,0.9820476625571266,0.9984375,0.9978603336812292,3200
FULL_11,RandomForest,2027,temperature_crossfit,0.7,0.7,0.30000000000000004,0.9955275477664352,0.9996428571428572,0.999324114240489,2800
FULL_11,RandomForest,2027,temperature_crossfit,0.6,0.6,0.4,0.9991393246578998,1.0,1.0,2400
FULL_11,RandomForest,2027,temperature_crossfit,0.5,0.5,0.5,0.9999999999969998,1.0,1.0,2000
FULL_11,RandomForest,2028,temperature_crossfit,1.0,1.0,0.0,0.5027915377321641,0.97375,0.9737428514913185,4000
FULL_11,RandomForest,2028,temperature_crossfit,0.95,0.95,0.050000000000000044,0.8006059414540538,0.9889473684210527,0.9883321665499883,3800
FULL_11,RandomForest,2028,temperature_crossfit,0.9,0.9,0.09999999999999998,0.9283013101713328,0.9947222222222222,0.9940528070226888,3600
FULL_11,RandomForest,2028,temperature_crossfit,0.8,0.8,0.19999999999999996,0.9835726403569851,0.99875,0.9982937367447318,3200
FULL_11,RandomForest,2028,temperature_crossfit,0.7,0.7,0.30000000000000004,0.996484796078132,0.9992857142857143,0.9986487911624351,2800
FULL_11,RandomForest,2028,temperature_crossfit,0.6,0.6,0.4,0.999524957806284,1.0,1.0,2400
FULL_11,RandomForest,2028,temperature_crossfit,0.5,0.5,0.5,0.9999999999969998,1.0,1.0,2000
FULL_11,SVM_RBF,2026,temperature_crossfit,1.0,1.0,0.0,0.49836879057685274,0.97625,0.9762542803586811,4000
FULL_11,SVM_RBF,2026,temperature_crossfit,0.95,0.95,0.050000000000000044,0.8563320691958596,0.991578947368421,0.9911453254472664,3800
FULL_11,SVM_RBF,2026,temperature_crossfit,0.9,0.9,0.09999999999999998,0.9549150389133585,0.9966666666666667,0.9962631196993165,3600
FULL_11,SVM_RBF,2026,temperature_crossfit,0.8,0.8,0.19999999999999996,0.9903395413737929,0.999375,0.9991877639287942,3200
FULL_11,SVM_RBF,2026,temperature_crossfit,0.7,0.7,0.30000000000000004,0.9968818566214356,0.9996428571428572,0.9994557019780457,2800
FULL_11,SVM_RBF,2026,temperature_crossfit,0.6,0.6,0.4,0.9982727782816374,1.0,1.0,2400
FULL_11,SVM_RBF,2026,temperature_crossfit,0.5,0.5,0.5,0.998963745496085,1.0,1.0,2000
FULL_11,SVM_RBF,2027,temperature_crossfit,1.0,1.0,0.0,0.503905926945399,0.9765,0.9764771050232363,4000
FULL_11,SVM_RBF,2027,temperature_crossfit,0.95,0.95,0.050000000000000044,0.8506428603577348,0.9923684210526316,0.9919664039294254,3800
FULL_11,SVM_RBF,2027,temperature_crossfit,0.9,0.9,0.09999999999999998,0.9525889086197907,0.9958333333333333,0.9953261882662523,3600
FULL_11,SVM_RBF,2027,temperature_crossfit,0.8,0.8,0.19999999999999996,0.990310332605122,0.999375,0.999183149918444,3200
FULL_11,SVM_RBF,2027,temperature_crossfit,0.7,0.7,0.30000000000000004,0.9965766544813398,0.9996428571428572,0.9994513232951054,2800
FULL_11,SVM_RBF,2027,temperature_crossfit,0.6,0.6,0.4,0.9982551735706977,0.9995833333333334,0.9993160719182106,2400
FULL_11,SVM_RBF,2027,temperature_crossfit,0.5,0.5,0.5,0.9989868300133684,1.0,1.0,2000
FULL_11,SVM_RBF,2028,temperature_crossfit,1.0,1.0,0.0,0.38208933971122666,0.97625,0.9762263600011944,4000
FULL_11,SVM_RBF,2028,temperature_crossfit,0.95,0.95,0.050000000000000044,0.8542049383691234,0.9913157894736843,0.9908629777818797,3800
FULL_11,SVM_RBF,2028,temperature_crossfit,0.9,0.9,0.09999999999999998,0.9469921550286268,0.9955555555555555,0.9950140529954417,3600
FULL_11,SVM_RBF,2028,temperature_crossfit,0.8,0.8,0.19999999999999996,0.990592534891608,0.99875,0.9983349052604807,3200
FULL_11,SVM_RBF,2028,temperature_crossfit,0.7,0.7,0.30000000000000004,0.9968805843285741,0.9996428571428572,0.9994496709423002,2800
FULL_11,SVM_RBF,2028,temperature_crossfit,0.6,0.6,0.4,0.9983832094733778,1.0,1.0,2400
FULL_11,SVM_RBF,2028,temperature_crossfit,0.5,0.5,0.5,0.9990608336246463,1.0,1.0,2000
FULL_11,TabNet,2026,temperature_crossfit,1.0,1.0,0.0,0.49787601127866893,0.96875,0.9686796003379299,4000
FULL_11,TabNet,2026,temperature_crossfit,0.95,0.95,0.050000000000000044,0.7966291172697335,0.985,0.9842401739472234,3800
FULL_11,TabNet,2026,temperature_crossfit,0.9,0.9,0.09999999999999998,0.91999312405184,0.9905555555555555,0.9895562424264017,3600
FULL_11,TabNet,2026,temperature_crossfit,0.8,0.8,0.19999999999999996,0.9743238740848853,0.995625,0.9943256970841567,3200
FULL_11,TabNet,2026,temperature_crossfit,0.7,0.7,0.30000000000000004,0.9888353562984843,0.9960714285714286,0.9932607616552109,2800
FULL_11,TabNet,2026,temperature_crossfit,0.6,0.6,0.4,0.995578629667154,0.99875,0.9970976124213,2400
FULL_11,TabNet,2026,temperature_crossfit,0.5,0.5,0.5,0.998361359620075,1.0,1.0,2000
FULL_11,TabNet,2027,temperature_crossfit,1.0,1.0,0.0,0.4995836455819268,0.9745,0.9745157629256482,4000
FULL_11,TabNet,2027,temperature_crossfit,0.95,0.95,0.050000000000000044,0.8163703166477719,0.9894736842105263,0.9889508870427703,3800
FULL_11,TabNet,2027,temperature_crossfit,0.9,0.9,0.09999999999999998,0.9183838756226229,0.9941666666666666,0.9935414799647484,3600
FULL_11,TabNet,2027,temperature_crossfit,0.8,0.8,0.19999999999999996,0.9798835162438535,0.998125,0.9975050905581901,3200
FULL_11,TabNet,2027,temperature_crossfit,0.7,0.7,0.30000000000000004,0.9942040561740102,0.9985714285714286,0.9969722704449293,2800
FULL_11,TabNet,2027,temperature_crossfit,0.6,0.6,0.4,0.998385070731358,0.99875,0.995285778011402,2400
FULL_11,TabNet,2027,temperature_crossfit,0.5,0.5,0.5,0.999590697603406,0.999,0.9916410758481505,2000
FULL_11,TabNet,2028,temperature_crossfit,1.0,1.0,0.0,0.5001491662802214,0.96875,0.9687163714899157,4000
FULL_11,TabNet,2028,temperature_crossfit,0.95,0.95,0.050000000000000044,0.7869230434645754,0.9868421052631579,0.9861696003112723,3800
FULL_11,TabNet,2028,temperature_crossfit,0.9,0.9,0.09999999999999998,0.9030241952584221,0.9933333333333333,0.9925073430580682,3600
FULL_11,TabNet,2028,temperature_crossfit,0.8,0.8,0.19999999999999996,0.980890710455273,0.9975,0.9964129205541419,3200
FULL_11,TabNet,2028,temperature_crossfit,0.7,0.7,0.30000000000000004,0.9947721172335153,0.9992857142857143,0.9985416083309999,2800
FULL_11,TabNet,2028,temperature_crossfit,0.6,0.6,0.4,0.9978136058769937,0.9991666666666666,0.9977034308807934,2400
FULL_11,TabNet,2028,temperature_crossfit,0.5,0.5,0.5,0.9990200395466597,0.9995,0.9981761966263551,2000
FULL_11,TabPFN,2026,temperature_crossfit,1.0,1.0,0.0,0.5014486764042995,0.9865,0.9864991359447004,4000
FULL_11,TabPFN,2026,temperature_crossfit,0.95,0.95,0.050000000000000044,0.9302350200456773,0.9978947368421053,0.9977767869383762,3800
FULL_11,TabPFN,2026,temperature_crossfit,0.9,0.9,0.09999999999999998,0.9865089775634118,0.9994444444444445,0.9993700798554607,3600
FULL_11,TabPFN,2026,temperature_crossfit,0.8,0.8,0.19999999999999996,0.9987318198084617,1.0,1.0,3200
FULL_11,TabPFN,2026,temperature_crossfit,0.7,0.7,0.30000000000000004,0.9998194160455443,1.0,1.0,2800
FULL_11,TabPFN,2026,temperature_crossfit,0.6,0.6,0.4,0.9999198302626706,1.0,1.0,2400
FULL_11,TabPFN,2026,temperature_crossfit,0.5,0.5,0.5,0.999925900700974,1.0,1.0,2000
FULL_11,TabPFN,2027,temperature_crossfit,1.0,1.0,0.0,0.5069277008044082,0.98675,0.9867485390264277,4000
FULL_11,TabPFN,2027,temperature_crossfit,0.95,0.95,0.050000000000000044,0.9226548052946599,0.9973684210526316,0.9972209836729703,3800
FULL_11,TabPFN,2027,temperature_crossfit,0.9,0.9,0.09999999999999998,0.9876602788353308,0.9991666666666666,0.999054298626487,3600
FULL_11,TabPFN,2027,temperature_crossfit,0.8,0.8,0.19999999999999996,0.9987968704157123,1.0,1.0,3200
FULL_11,TabPFN,2027,temperature_crossfit,0.7,0.7,0.30000000000000004,0.9998283608643307,1.0,1.0,2800
FULL_11,TabPFN,2027,temperature_crossfit,0.6,0.6,0.4,0.9999057276346702,1.0,1.0,2400
FULL_11,TabPFN,2027,temperature_crossfit,0.5,0.5,0.5,0.9999165682360247,1.0,1.0,2000
FULL_11,TabPFN,2028,temperature_crossfit,1.0,1.0,0.0,0.5177545558934967,0.9865,0.9864983663023226,4000
FULL_11,TabPFN,2028,temperature_crossfit,0.95,0.95,0.050000000000000044,0.928532255558873,0.9973684210526316,0.9972208498023715,3800
FULL_11,TabPFN,2028,temperature_crossfit,0.9,0.9,0.09999999999999998,0.9863084021048214,0.9994444444444445,0.9993699330972059,3600
FULL_11,TabPFN,2028,temperature_crossfit,0.8,0.8,0.19999999999999996,0.9986425751929983,1.0,1.0,3200
FULL_11,TabPFN,2028,temperature_crossfit,0.7,0.7,0.30000000000000004,0.9998090639413785,1.0,1.0,2800
FULL_11,TabPFN,2028,temperature_crossfit,0.6,0.6,0.4,0.9999089182298198,1.0,1.0,2400
FULL_11,TabPFN,2028,temperature_crossfit,0.5,0.5,0.5,0.9999187046988012,1.0,1.0,2000
FULL_11,XGBoost,2026,temperature_crossfit,1.0,1.0,0.0,0.501569245478599,0.97325,0.9732323678836918,4000
FULL_11,XGBoost,2026,temperature_crossfit,0.95,0.95,0.050000000000000044,0.8568137769441392,0.9894736842105263,0.9889145764375964,3800
FULL_11,XGBoost,2026,temperature_crossfit,0.9,0.9,0.09999999999999998,0.9481126175778944,0.9952777777777778,0.9947348563311538,3600
FULL_11,XGBoost,2026,temperature_crossfit,0.8,0.8,0.19999999999999996,0.985754739395488,0.998125,0.9974105286605287,3200
FULL_11,XGBoost,2026,temperature_crossfit,0.7,0.7,0.30000000000000004,0.9950574511374067,0.9992857142857143,0.9986688357346493,2800
FULL_11,XGBoost,2026,temperature_crossfit,0.6,0.6,0.4,0.9977793431138445,1.0,1.0,2400
FULL_11,XGBoost,2026,temperature_crossfit,0.5,0.5,0.5,0.9983144331580085,1.0,1.0,2000
FULL_11,XGBoost,2027,temperature_crossfit,1.0,1.0,0.0,0.49967695627213243,0.97525,0.9752368139004177,4000
FULL_11,XGBoost,2027,temperature_crossfit,0.95,0.95,0.050000000000000044,0.870538617098238,0.9910526315789474,0.9905878910381654,3800
FULL_11,XGBoost,2027,temperature_crossfit,0.9,0.9,0.09999999999999998,0.9507651719197557,0.9969444444444444,0.9966100581261199,3600
FULL_11,XGBoost,2027,temperature_crossfit,0.8,0.8,0.19999999999999996,0.9864149486551201,0.9990625,0.9986745839360454,3200
FULL_11,XGBoost,2027,temperature_crossfit,0.7,0.7,0.30000000000000004,0.9955969273671629,0.9992857142857143,0.9985851087469793,2800
FULL_11,XGBoost,2027,temperature_crossfit,0.6,0.6,0.4,0.9984273588220629,1.0,1.0,2400
FULL_11,XGBoost,2027,temperature_crossfit,0.5,0.5,0.5,0.9991790956054457,1.0,1.0,2000
FULL_11,XGBoost,2028,temperature_crossfit,1.0,1.0,0.0,0.49506107621012085,0.973,0.9729902290515365,4000
FULL_11,XGBoost,2028,temperature_crossfit,0.95,0.95,0.050000000000000044,0.8571092865185839,0.9878947368421053,0.9872527635039422,3800
FULL_11,XGBoost,2028,temperature_crossfit,0.9,0.9,0.09999999999999998,0.9418443956108177,0.9933333333333333,0.9924779943819435,3600
FULL_11,XGBoost,2028,temperature_crossfit,0.8,0.8,0.19999999999999996,0.9841093677846823,0.9965625,0.9953091882816404,3200
FULL_11,XGBoost,2028,temperature_crossfit,0.7,0.7,0.30000000000000004,0.9933751104235515,0.9978571428571429,0.996335851350178,2800
FULL_11,XGBoost,2028,temperature_crossfit,0.6,0.6,0.4,0.995732941887331,0.9983333333333333,0.9970367870985604,2400
FULL_11,XGBoost,2028,temperature_crossfit,0.5,0.5,0.5,0.9966315183203951,0.998,0.996716376336483,2000
REDUCED_7,CatBoost,2026,temperature_crossfit,1.0,1.0,0.0,0.5005001865897392,0.9735,0.9734914112172344,4000
REDUCED_7,CatBoost,2026,temperature_crossfit,0.95,0.95,0.050000000000000044,0.8476471761700417,0.9876315789473684,0.9869500841915133,3800
REDUCED_7,CatBoost,2026,temperature_crossfit,0.9,0.9,0.09999999999999998,0.9491776216123619,0.9933333333333333,0.9925246695215044,3600
REDUCED_7,CatBoost,2026,temperature_crossfit,0.8,0.8,0.19999999999999996,0.9841162739870732,0.9978125,0.9971283119287284,3200
REDUCED_7,CatBoost,2026,temperature_crossfit,0.7,0.7,0.30000000000000004,0.9928653025675337,0.9985714285714286,0.9976947134786118,2800
REDUCED_7,CatBoost,2026,temperature_crossfit,0.6,0.6,0.4,0.9960649003939844,0.9995833333333334,0.9991402284688835,2400
REDUCED_7,CatBoost,2026,temperature_crossfit,0.5,0.5,0.5,0.9972010958067912,0.9995,0.9988110164728263,2000
REDUCED_7,CatBoost,2027,temperature_crossfit,1.0,1.0,0.0,0.5022527995190977,0.97425,0.9742402048378896,4000
REDUCED_7,CatBoost,2027,temperature_crossfit,0.95,0.95,0.050000000000000044,0.8519036891894253,0.9876315789473684,0.986949746185537,3800
REDUCED_7,CatBoost,2027,temperature_crossfit,0.9,0.9,0.09999999999999998,0.9437367411279789,0.9927777777777778,0.9919025293832922,3600
REDUCED_7,CatBoost,2027,temperature_crossfit,0.8,0.8,0.19999999999999996,0.9829626261201153,0.9978125,0.9971480487835136,3200
REDUCED_7,CatBoost,2027,temperature_crossfit,0.7,0.7,0.30000000000000004,0.9922072504805319,0.9985714285714286,0.9978409459313425,2800
REDUCED_7,CatBoost,2027,temperature_crossfit,0.6,0.6,0.4,0.9945801933072679,0.99875,0.9980665204053232,2400
REDUCED_7,CatBoost,2027,temperature_crossfit,0.5,0.5,0.5,0.9957694941919247,0.9985,0.9978209287685826,2000
REDUCED_7,CatBoost,2028,temperature_crossfit,1.0,1.0,0.0,0.5028503882884636,0.97425,0.9742421116466918,4000
REDUCED_7,CatBoost,2028,temperature_crossfit,0.95,0.95,0.050000000000000044,0.8568524446902125,0.9876315789473684,0.9869514360403473,3800
REDUCED_7,CatBoost,2028,temperature_crossfit,0.9,0.9,0.09999999999999998,0.9480030478274318,0.9938888888888889,0.9931404617238851,3600
REDUCED_7,CatBoost,2028,temperature_crossfit,0.8,0.8,0.19999999999999996,0.9858499493881056,0.998125,0.9975599228507879,3200
REDUCED_7,CatBoost,2028,temperature_crossfit,0.7,0.7,0.30000000000000004,0.9935733344872272,0.9989285714285714,0.9984039668648583,2800
REDUCED_7,CatBoost,2028,temperature_crossfit,0.6,0.6,0.4,0.9955277228509536,0.9995833333333334,0.99936952924351,2400
REDUCED_7,CatBoost,2028,temperature_crossfit,0.5,0.5,0.5,0.9966063177715955,1.0,1.0,2000
REDUCED_7,KNN,2026,temperature_crossfit,1.0,1.0,0.0,0.49836147975712247,0.953,0.9529158671904578,4000
REDUCED_7,KNN,2026,temperature_crossfit,0.95,0.95,0.050000000000000044,0.5324611006700726,0.9702631578947368,0.968581167677779,3800
REDUCED_7,KNN,2026,temperature_crossfit,0.9,0.9,0.09999999999999998,0.5654513219551253,0.9833333333333333,0.9812628629020621,3600
REDUCED_7,KNN,2026,temperature_crossfit,0.8,0.8,0.19999999999999996,0.9851234544215485,0.9846875,0.9822940658343604,3200
REDUCED_7,KNN,2026,temperature_crossfit,0.7,0.7,0.30000000000000004,0.9863120119658394,0.9835714285714285,0.9819372655719256,2800
REDUCED_7,KNN,2026,temperature_crossfit,0.6,0.6,0.4,0.9863120119658394,0.9845833333333334,0.9815712702124557,2400
REDUCED_7,KNN,2026,temperature_crossfit,0.5,0.5,0.5,0.9866561422708179,0.9815,0.9806012713437231,2000
REDUCED_7,KNN,2027,temperature_crossfit,1.0,1.0,0.0,0.4975999286876454,0.955,0.9549147323601753,4000
REDUCED_7,KNN,2027,temperature_crossfit,0.95,0.95,0.050000000000000044,0.5319845179770541,0.9723684210526315,0.9708141770930682,3800
REDUCED_7,KNN,2027,temperature_crossfit,0.9,0.9,0.09999999999999998,0.5657899515515293,0.9811111111111112,0.9787746058812152,3600
REDUCED_7,KNN,2027,temperature_crossfit,0.8,0.8,0.19999999999999996,0.9847286845613151,0.984375,0.9820390081330272,3200
REDUCED_7,KNN,2027,temperature_crossfit,0.7,0.7,0.30000000000000004,0.9860511675928655,0.9828571428571429,0.9804094642513723,2800
REDUCED_7,KNN,2027,temperature_crossfit,0.6,0.6,0.4,0.9860511675928655,0.9841666666666666,0.9801859504132231,2400
REDUCED_7,KNN,2027,temperature_crossfit,0.5,0.5,0.5,0.9865485913212677,0.981,0.9780653266331658,2000
REDUCED_7,KNN,2028,temperature_crossfit,1.0,1.0,0.0,0.496706686661336,0.94825,0.948122814425872,4000
REDUCED_7,KNN,2028,temperature_crossfit,0.95,0.95,0.050000000000000044,0.5309295922830439,0.9647368421052631,0.9626921865384463,3800
REDUCED_7,KNN,2028,temperature_crossfit,0.9,0.9,0.09999999999999998,0.5466639737543174,0.9811111111111112,0.9787618290886715,3600
REDUCED_7,KNN,2028,temperature_crossfit,0.8,0.8,0.19999999999999996,0.9826948284183422,0.9834375,0.9810156984852672,3200
REDUCED_7,KNN,2028,temperature_crossfit,0.7,0.7,0.30000000000000004,0.985838717786297,0.9814285714285714,0.978625930804251,2800
REDUCED_7,KNN,2028,temperature_crossfit,0.6,0.6,0.4,0.9858387177862971,0.98,0.9778012206686113,2400
REDUCED_7,KNN,2028,temperature_crossfit,0.5,0.5,0.5,0.9864635272967428,0.9785,0.9774777541531485,2000
REDUCED_7,LDA,2026,temperature_crossfit,1.0,1.0,0.0,0.5016962911325824,0.97275,0.9726846619132673,4000
REDUCED_7,LDA,2026,temperature_crossfit,0.95,0.95,0.050000000000000044,0.8037563197415608,0.9886842105263158,0.9880783658771891,3800
REDUCED_7,LDA,2026,temperature_crossfit,0.9,0.9,0.09999999999999998,0.9187933078979058,0.9938888888888889,0.9931931429881834,3600
REDUCED_7,LDA,2026,temperature_crossfit,0.8,0.8,0.19999999999999996,0.9837616446838878,0.9975,0.9966720655619696,3200
REDUCED_7,LDA,2026,temperature_crossfit,0.7,0.7,0.30000000000000004,0.9959982584521612,0.9989285714285714,0.9981365424413069,2800
REDUCED_7,LDA,2026,temperature_crossfit,0.6,0.6,0.4,0.9991888008356183,0.9995833333333334,0.9987792605296223,2400
REDUCED_7,LDA,2026,temperature_crossfit,0.5,0.5,0.5,0.9999760809210644,1.0,1.0,2000
REDUCED_7,LDA,2027,temperature_crossfit,1.0,1.0,0.0,0.5007662187273195,0.97275,0.9726757132606826,4000
REDUCED_7,LDA,2027,temperature_crossfit,0.95,0.95,0.050000000000000044,0.7962805373212667,0.9894736842105263,0.9889125413037473,3800
REDUCED_7,LDA,2027,temperature_crossfit,0.9,0.9,0.09999999999999998,0.9195293167556018,0.9944444444444445,0.9938001970889316,3600
REDUCED_7,LDA,2027,temperature_crossfit,0.8,0.8,0.19999999999999996,0.9839426557403196,0.9975,0.9966719826345051,3200
REDUCED_7,LDA,2027,temperature_crossfit,0.7,0.7,0.30000000000000004,0.9958867160455508,0.9989285714285714,0.9981366344609203,2800
REDUCED_7,LDA,2027,temperature_crossfit,0.6,0.6,0.4,0.9991592025652366,0.9995833333333334,0.9987712545852081,2400
REDUCED_7,LDA,2027,temperature_crossfit,0.5,0.5,0.5,0.999974108316234,1.0,1.0,2000
REDUCED_7,LDA,2028,temperature_crossfit,1.0,1.0,0.0,0.5027920423965458,0.972,0.9719229941874795,4000
REDUCED_7,LDA,2028,temperature_crossfit,0.95,0.95,0.050000000000000044,0.8040616929364923,0.9886842105263158,0.9880757981140712,3800
REDUCED_7,LDA,2028,temperature_crossfit,0.9,0.9,0.09999999999999998,0.9194479325385396,0.9927777777777778,0.9919431117961229,3600
REDUCED_7,LDA,2028,temperature_crossfit,0.8,0.8,0.19999999999999996,0.9840145222084303,0.998125,0.9975040491714773,3200
REDUCED_7,LDA,2028,temperature_crossfit,0.7,0.7,0.30000000000000004,0.9959278574606582,0.9989285714285714,0.998136645962733,2800
REDUCED_7,LDA,2028,temperature_crossfit,0.6,0.6,0.4,0.9991547772364303,0.9995833333333334,0.9987796093559314,2400
REDUCED_7,LDA,2028,temperature_crossfit,0.5,0.5,0.5,0.999977103587008,1.0,1.0,2000
REDUCED_7,LDA_SVM,2026,temperature_crossfit,1.0,1.0,0.0,0.5156061986434007,0.98025,0.9802381379422999,4000
REDUCED_7,LDA_SVM,2026,temperature_crossfit,0.95,0.95,0.050000000000000044,0.9367951310973385,0.9918421052631579,0.9914031745484871,3800
REDUCED_7,LDA_SVM,2026,temperature_crossfit,0.9,0.9,0.09999999999999998,0.9502966492428548,0.9933333333333333,0.9924237411500033,3600
REDUCED_7,LDA_SVM,2026,temperature_crossfit,0.8,0.8,0.19999999999999996,0.9703668950576104,0.996875,0.9948659251065224,3200
REDUCED_7,LDA_SVM,2026,temperature_crossfit,0.7,0.7,0.30000000000000004,0.994272578952444,0.9989285714285714,0.9912880223225051,2800
REDUCED_7,LDA_SVM,2026,temperature_crossfit,0.6,0.6,0.4,0.9979544038945672,1.0,1.0,2400
REDUCED_7,LDA_SVM,2026,temperature_crossfit,0.5,0.5,0.5,0.9987881454432949,1.0,1.0,2000
REDUCED_7,LDA_SVM,2027,temperature_crossfit,1.0,1.0,0.0,0.5036739522521664,0.9795,0.9794900731954266,4000
REDUCED_7,LDA_SVM,2027,temperature_crossfit,0.95,0.95,0.050000000000000044,0.9297181334798399,0.9926315789473684,0.9922346261471784,3800
REDUCED_7,LDA_SVM,2027,temperature_crossfit,0.9,0.9,0.09999999999999998,0.9490116423931232,0.9936111111111111,0.99271707056712,3600
REDUCED_7,LDA_SVM,2027,temperature_crossfit,0.8,0.8,0.19999999999999996,0.9741080770155538,0.9959375,0.9932606930308538,3200
REDUCED_7,LDA_SVM,2027,temperature_crossfit,0.7,0.7,0.30000000000000004,0.9931778808210421,0.9985714285714286,0.9905778751169211,2800
REDUCED_7,LDA_SVM,2027,temperature_crossfit,0.6,0.6,0.4,0.9976287358780522,1.0,1.0,2400
REDUCED_7,LDA_SVM,2027,temperature_crossfit,0.5,0.5,0.5,0.998587347610982,1.0,1.0,2000
REDUCED_7,LDA_SVM,2028,temperature_crossfit,1.0,1.0,0.0,0.500783906782528,0.9805,0.9804896790402122,4000
REDUCED_7,LDA_SVM,2028,temperature_crossfit,0.95,0.95,0.050000000000000044,0.9330877813232393,0.991578947368421,0.991125570956056,3800
REDUCED_7,LDA_SVM,2028,temperature_crossfit,0.9,0.9,0.09999999999999998,0.9502727614242625,0.9938888888888889,0.9930472532845449,3600
REDUCED_7,LDA_SVM,2028,temperature_crossfit,0.8,0.8,0.19999999999999996,0.9749611838112086,0.9965625,0.9942956928666201,3200
REDUCED_7,LDA_SVM,2028,temperature_crossfit,0.7,0.7,0.30000000000000004,0.9944650081847264,0.9985714285714286,0.9889544025157233,2800
REDUCED_7,LDA_SVM,2028,temperature_crossfit,0.6,0.6,0.4,0.9979017266402558,0.9991666666666666,0.9857580037664784,2400
REDUCED_7,LDA_SVM,2028,temperature_crossfit,0.5,0.5,0.5,0.9987820466453028,1.0,1.0,2000
REDUCED_7,LDA_Shrinkage,2026,temperature_crossfit,1.0,1.0,0.0,0.5002021347459793,0.96875,0.9685798820025743,4000
REDUCED_7,LDA_Shrinkage,2026,temperature_crossfit,0.95,0.95,0.050000000000000044,0.7623720672527345,0.9836842105263158,0.9827370503338396,3800
REDUCED_7,LDA_Shrinkage,2026,temperature_crossfit,0.9,0.9,0.09999999999999998,0.9017775470419107,0.9911111111111112,0.9900464127731624,3600
REDUCED_7,LDA_Shrinkage,2026,temperature_crossfit,0.8,0.8,0.19999999999999996,0.9738903392439544,0.996875,0.9960302137444151,3200
REDUCED_7,LDA_Shrinkage,2026,temperature_crossfit,0.7,0.7,0.30000000000000004,0.9927413181698339,0.9989285714285714,0.9984916763325137,2800
REDUCED_7,LDA_Shrinkage,2026,temperature_crossfit,0.6,0.6,0.4,0.9982191330719223,1.0,1.0,2400
REDUCED_7,LDA_Shrinkage,2026,temperature_crossfit,0.5,0.5,0.5,0.9999726549332537,1.0,1.0,2000
REDUCED_7,LDA_Shrinkage,2027,temperature_crossfit,1.0,1.0,0.0,0.5023605046808927,0.969,0.9688363384160965,4000
REDUCED_7,LDA_Shrinkage,2027,temperature_crossfit,0.95,0.95,0.050000000000000044,0.7584167487041803,0.9844736842105263,0.9835738961376199,3800
REDUCED_7,LDA_Shrinkage,2027,temperature_crossfit,0.9,0.9,0.09999999999999998,0.9017810537507457,0.9908333333333333,0.9897269197851141,3600
REDUCED_7,LDA_Shrinkage,2027,temperature_crossfit,0.8,0.8,0.19999999999999996,0.973839471407174,0.9965625,0.9956148472161137,3200
REDUCED_7,LDA_Shrinkage,2027,temperature_crossfit,0.7,0.7,0.30000000000000004,0.9926313791325305,0.9992857142857143,0.9989343977508918,2800
REDUCED_7,LDA_Shrinkage,2027,temperature_crossfit,0.6,0.6,0.4,0.9982014102627039,1.0,1.0,2400
REDUCED_7,LDA_Shrinkage,2027,temperature_crossfit,0.5,0.5,0.5,0.9999727382960606,1.0,1.0,2000
REDUCED_7,LDA_Shrinkage,2028,temperature_crossfit,1.0,1.0,0.0,0.5011218036291553,0.969,0.9688363384160965,4000
REDUCED_7,LDA_Shrinkage,2028,temperature_crossfit,0.95,0.95,0.050000000000000044,0.7639076159942091,0.985,0.984132642296947,3800
REDUCED_7,LDA_Shrinkage,2028,temperature_crossfit,0.9,0.9,0.09999999999999998,0.8991266713209092,0.9908333333333333,0.9897368911085372,3600
REDUCED_7,LDA_Shrinkage,2028,temperature_crossfit,0.8,0.8,0.19999999999999996,0.9743256659345605,0.996875,0.9960283919629813,3200
REDUCED_7,LDA_Shrinkage,2028,temperature_crossfit,0.7,0.7,0.30000000000000004,0.992604541299674,0.9992857142857143,0.9989326823507864,2800
REDUCED_7,LDA_Shrinkage,2028,temperature_crossfit,0.6,0.6,0.4,0.9982804318450389,1.0,1.0,2400
REDUCED_7,LDA_Shrinkage,2028,temperature_crossfit,0.5,0.5,0.5,0.9999789948440464,1.0,1.0,2000
REDUCED_7,LDA_XGBoost,2026,temperature_crossfit,1.0,1.0,0.0,0.39740922340950574,0.979,0.9789839977964687,4000
REDUCED_7,LDA_XGBoost,2026,temperature_crossfit,0.95,0.95,0.050000000000000044,0.8777740441101535,0.9907894736842106,0.9902797117607238,3800
REDUCED_7,LDA_XGBoost,2026,temperature_crossfit,0.9,0.9,0.09999999999999998,0.9539061066849948,0.9944444444444445,0.9937376580162642,3600
REDUCED_7,LDA_XGBoost,2026,temperature_crossfit,0.8,0.8,0.19999999999999996,0.9893065036459103,0.9978125,0.9968296466430309,3200
REDUCED_7,LDA_XGBoost,2026,temperature_crossfit,0.7,0.7,0.30000000000000004,0.995416333747566,0.9982142857142857,0.9961288310354001,2800
REDUCED_7,LDA_XGBoost,2026,temperature_crossfit,0.6,0.6,0.4,0.9975892235305697,0.9979166666666667,0.9940450142784316,2400
REDUCED_7,LDA_XGBoost,2026,temperature_crossfit,0.5,0.5,0.5,0.9979314427710203,0.9975,0.9934548442957354,2000
REDUCED_7,LDA_XGBoost,2027,temperature_crossfit,1.0,1.0,0.0,0.3476907347858606,0.9765,0.9765028647888688,4000
REDUCED_7,LDA_XGBoost,2027,temperature_crossfit,0.95,0.95,0.050000000000000044,0.8830096281746664,0.9926315789473684,0.9922294762442756,3800
REDUCED_7,LDA_XGBoost,2027,temperature_crossfit,0.9,0.9,0.09999999999999998,0.9614217087515333,0.9955555555555555,0.9949861175598067,3600
REDUCED_7,LDA_XGBoost,2027,temperature_crossfit,0.8,0.8,0.19999999999999996,0.9918141189909818,0.9990625,0.9986192769825752,3200
REDUCED_7,LDA_XGBoost,2027,temperature_crossfit,0.7,0.7,0.30000000000000004,0.9967025158510323,0.9992857142857143,0.9982749565709207,2800
REDUCED_7,LDA_XGBoost,2027,temperature_crossfit,0.6,0.6,0.4,0.9982379021098533,1.0,1.0,2400
REDUCED_7,LDA_XGBoost,2027,temperature_crossfit,0.5,0.5,0.5,0.9985281793912273,1.0,1.0,2000
REDUCED_7,LDA_XGBoost,2028,temperature_crossfit,1.0,1.0,0.0,0.4228913835318704,0.981,0.981001560819005,4000
REDUCED_7,LDA_XGBoost,2028,temperature_crossfit,0.95,0.95,0.050000000000000044,0.8863480850113482,0.9910526315789474,0.9905643640109061,3800
REDUCED_7,LDA_XGBoost,2028,temperature_crossfit,0.9,0.9,0.09999999999999998,0.9590978705021094,0.9955555555555555,0.9949900845423234,3600
REDUCED_7,LDA_XGBoost,2028,temperature_crossfit,0.8,0.8,0.19999999999999996,0.9922427482172589,0.9984375,0.997710037531398,3200
REDUCED_7,LDA_XGBoost,2028,temperature_crossfit,0.7,0.7,0.30000000000000004,0.9969515954693966,0.9992857142857143,0.9985717614941572,2800
REDUCED_7,LDA_XGBoost,2028,temperature_crossfit,0.6,0.6,0.4,0.9982885416228053,0.9991666666666666,0.9977152675650529,2400
REDUCED_7,LDA_XGBoost,2028,temperature_crossfit,0.5,0.5,0.5,0.9985978309943812,0.999,0.9969890409434803,2000
REDUCED_7,LogisticRegression,2026,temperature_crossfit,1.0,1.0,0.0,0.5033359363947915,0.973,0.972985441248248,4000
REDUCED_7,LogisticRegression,2026,temperature_crossfit,0.95,0.95,0.050000000000000044,0.7913137009217545,0.9886842105263158,0.9880665155537567,3800
REDUCED_7,LogisticRegression,2026,temperature_crossfit,0.9,0.9,0.09999999999999998,0.9342875353017295,0.9947222222222222,0.994070621454628,3600
REDUCED_7,LogisticRegression,2026,temperature_crossfit,0.8,0.8,0.19999999999999996,0.9859243730397093,0.99875,0.998322721133438,3200
REDUCED_7,LogisticRegression,2026,temperature_crossfit,0.7,0.7,0.30000000000000004,0.9965293145376368,1.0,1.0,2800
REDUCED_7,LogisticRegression,2026,temperature_crossfit,0.6,0.6,0.4,0.9990434649311151,1.0,1.0,2400
REDUCED_7,LogisticRegression,2026,temperature_crossfit,0.5,0.5,0.5,0.9997049654198963,1.0,1.0,2000
REDUCED_7,LogisticRegression,2027,temperature_crossfit,1.0,1.0,0.0,0.5068543634376177,0.973,0.972985441248248,4000
REDUCED_7,LogisticRegression,2027,temperature_crossfit,0.95,0.95,0.050000000000000044,0.7957437611667627,0.9892105263157894,0.9886306922218777,3800
REDUCED_7,LogisticRegression,2027,temperature_crossfit,0.9,0.9,0.09999999999999998,0.933974298812609,0.9947222222222222,0.9940791949180678,3600
REDUCED_7,LogisticRegression,2027,temperature_crossfit,0.8,0.8,0.19999999999999996,0.9858792698600299,0.9990625,0.9987417399761375,3200
REDUCED_7,LogisticRegression,2027,temperature_crossfit,0.7,0.7,0.30000000000000004,0.9963973567309259,1.0,1.0,2800
REDUCED_7,LogisticRegression,2027,temperature_crossfit,0.6,0.6,0.4,0.9990032302683967,1.0,1.0,2400
REDUCED_7,LogisticRegression,2027,temperature_crossfit,0.5,0.5,0.5,0.9996732736736381,1.0,1.0,2000
REDUCED_7,LogisticRegression,2028,temperature_crossfit,1.0,1.0,0.0,0.5012796937870583,0.973,0.9729833311673483,4000
REDUCED_7,LogisticRegression,2028,temperature_crossfit,0.95,0.95,0.050000000000000044,0.8014685608445645,0.9886842105263158,0.9880816922646618,3800
REDUCED_7,LogisticRegression,2028,temperature_crossfit,0.9,0.9,0.09999999999999998,0.9336793814443308,0.9941666666666666,0.9934507470278128,3600
REDUCED_7,LogisticRegression,2028,temperature_crossfit,0.8,0.8,0.19999999999999996,0.9857562572138742,0.9990625,0.9987440945613206,3200
REDUCED_7,LogisticRegression,2028,temperature_crossfit,0.7,0.7,0.30000000000000004,0.9965846323334181,0.9996428571428572,0.9993332820271996,2800
REDUCED_7,LogisticRegression,2028,temperature_crossfit,0.6,0.6,0.4,0.9990535478212933,1.0,1.0,2400
REDUCED_7,LogisticRegression,2028,temperature_crossfit,0.5,0.5,0.5,0.999700660919647,1.0,1.0,2000
REDUCED_7,MLP,2026,temperature_crossfit,1.0,1.0,0.0,0.5011374102741395,0.9655,0.9654813170922139,4000
REDUCED_7,MLP,2026,temperature_crossfit,0.95,0.95,0.050000000000000044,0.7340957102551154,0.9823684210526316,0.9814101229027826,3800
REDUCED_7,MLP,2026,temperature_crossfit,0.9,0.9,0.09999999999999998,0.8934198261289383,0.9919444444444444,0.9909542350883133,3600
REDUCED_7,MLP,2026,temperature_crossfit,0.8,0.8,0.19999999999999996,0.9744084587539912,0.996875,0.99581989358476,3200
REDUCED_7,MLP,2026,temperature_crossfit,0.7,0.7,0.30000000000000004,0.9934105561238735,0.9992857142857143,0.9986941507928593,2800
REDUCED_7,MLP,2026,temperature_crossfit,0.6,0.6,0.4,0.9983144588244866,1.0,1.0,2400
REDUCED_7,MLP,2026,temperature_crossfit,0.5,0.5,0.5,0.9995436873404487,1.0,1.0,2000
REDUCED_7,MLP,2027,temperature_crossfit,1.0,1.0,0.0,0.50069633255194,0.96925,0.969239784106056,4000
REDUCED_7,MLP,2027,temperature_crossfit,0.95,0.95,0.050000000000000044,0.7754267621317944,0.9842105263157894,0.9833620219658661,3800
REDUCED_7,MLP,2027,temperature_crossfit,0.9,0.9,0.09999999999999998,0.9045165373322064,0.9927777777777778,0.9919029081843991,3600
REDUCED_7,MLP,2027,temperature_crossfit,0.8,0.8,0.19999999999999996,0.9790149855701382,0.9978125,0.9970059032846263,3200
REDUCED_7,MLP,2027,temperature_crossfit,0.7,0.7,0.30000000000000004,0.9947258311044408,1.0,1.0,2800
REDUCED_7,MLP,2027,temperature_crossfit,0.6,0.6,0.4,0.9986591550096233,1.0,1.0,2400
REDUCED_7,MLP,2027,temperature_crossfit,0.5,0.5,0.5,0.9996672767813612,1.0,1.0,2000
REDUCED_7,MLP,2028,temperature_crossfit,1.0,1.0,0.0,0.501931824450411,0.965,0.9649446391395106,4000
REDUCED_7,MLP,2028,temperature_crossfit,0.95,0.95,0.050000000000000044,0.7543821872749465,0.9836842105263158,0.982781360964199,3800
REDUCED_7,MLP,2028,temperature_crossfit,0.9,0.9,0.09999999999999998,0.8974994634629972,0.9916666666666667,0.9906367041198502,3600
REDUCED_7,MLP,2028,temperature_crossfit,0.8,0.8,0.19999999999999996,0.9738285783654548,0.996875,0.9958348645491095,3200
REDUCED_7,MLP,2028,temperature_crossfit,0.7,0.7,0.30000000000000004,0.9927133458673078,0.9989285714285714,0.9981052915483567,2800
REDUCED_7,MLP,2028,temperature_crossfit,0.6,0.6,0.4,0.997693730874901,0.9995833333333334,0.9988871022515722,2400
REDUCED_7,MLP,2028,temperature_crossfit,0.5,0.5,0.5,0.9992201710106663,1.0,1.0,2000
REDUCED_7,QDA,2026,temperature_crossfit,1.0,1.0,0.0,0.5004127509897318,0.9605,0.9604154296644928,4000
REDUCED_7,QDA,2026,temperature_crossfit,0.95,0.95,0.050000000000000044,0.7464896508549872,0.9768421052631578,0.9755468082531225,3800
REDUCED_7,QDA,2026,temperature_crossfit,0.9,0.9,0.09999999999999998,0.8581305241871282,0.9883333333333333,0.9869395095577597,3600
REDUCED_7,QDA,2026,temperature_crossfit,0.8,0.8,0.19999999999999996,0.954711524456417,0.9965625,0.9956272165357822,3200
REDUCED_7,QDA,2026,temperature_crossfit,0.7,0.7,0.30000000000000004,0.9834971176508288,0.9985714285714286,0.997891205485137,2800
REDUCED_7,QDA,2026,temperature_crossfit,0.6,0.6,0.4,0.997197170902434,0.9995833333333334,0.9995700291748215,2400
REDUCED_7,QDA,2026,temperature_crossfit,0.5,0.5,0.5,0.9999271981119124,0.9995,0.9988429923226755,2000
REDUCED_7,QDA,2027,temperature_crossfit,1.0,1.0,0.0,0.5000438643540398,0.96075,0.9606678318624361,4000
REDUCED_7,QDA,2027,temperature_crossfit,0.95,0.95,0.050000000000000044,0.7436967210803688,0.9763157894736842,0.975005732016895,3800
REDUCED_7,QDA,2027,temperature_crossfit,0.9,0.9,0.09999999999999998,0.8610439212962075,0.9875,0.9860366580762283,3600
REDUCED_7,QDA,2027,temperature_crossfit,0.8,0.8,0.19999999999999996,0.9543487622205402,0.9971875,0.9964570816835114,3200
REDUCED_7,QDA,2027,temperature_crossfit,0.7,0.7,0.30000000000000004,0.9832125797947726,0.9985714285714286,0.9978802984381078,2800
REDUCED_7,QDA,2027,temperature_crossfit,0.6,0.6,0.4,0.9969592825772833,0.9991666666666666,0.9991438061050133,2400
REDUCED_7,QDA,2027,temperature_crossfit,0.5,0.5,0.5,0.9999194309992516,0.9995,0.9988377316473468,2000
REDUCED_7,QDA,2028,temperature_crossfit,1.0,1.0,0.0,0.5001230255238536,0.96025,0.9601655517652017,4000
REDUCED_7,QDA,2028,temperature_crossfit,0.95,0.95,0.050000000000000044,0.7410261242426849,0.9771052631578947,0.975863486123654,3800
REDUCED_7,QDA,2028,temperature_crossfit,0.9,0.9,0.09999999999999998,0.857476242796721,0.9869444444444444,0.985415685108095,3600
REDUCED_7,QDA,2028,temperature_crossfit,0.8,0.8,0.19999999999999996,0.9537850785099653,0.9959375,0.994887335917156,3200
REDUCED_7,QDA,2028,temperature_crossfit,0.7,0.7,0.30000000000000004,0.982736163176323,0.9985714285714286,0.9978864547295279,2800
REDUCED_7,QDA,2028,temperature_crossfit,0.6,0.6,0.4,0.9969404348395389,0.9995833333333334,0.9995684349925995,2400
REDUCED_7,QDA,2028,temperature_crossfit,0.5,0.5,0.5,0.9999168784499419,0.9995,0.998827015934402,2000
REDUCED_7,RandomForest,2026,temperature_crossfit,1.0,1.0,0.0,0.5020369426695752,0.97175,0.971739253851277,4000
REDUCED_7,RandomForest,2026,temperature_crossfit,0.95,0.95,0.050000000000000044,0.7887643634694752,0.9878947368421053,0.9872220802453361,3800
REDUCED_7,RandomForest,2026,temperature_crossfit,0.9,0.9,0.09999999999999998,0.9032182998952241,0.9933333333333333,0.9924856170012916,3600
REDUCED_7,RandomForest,2026,temperature_crossfit,0.8,0.8,0.19999999999999996,0.9747806793862946,0.998125,0.9974538995093893,3200
REDUCED_7,RandomForest,2026,temperature_crossfit,0.7,0.7,0.30000000000000004,0.9932081815542316,0.9992857142857143,0.9986304578038449,2800
REDUCED_7,RandomForest,2026,temperature_crossfit,0.6,0.6,0.4,0.9992073987789905,0.9995833333333334,0.9980768345985738,2400
REDUCED_7,RandomForest,2026,temperature_crossfit,0.5,0.5,0.5,0.9999999999969998,1.0,1.0,2000
REDUCED_7,RandomForest,2027,temperature_crossfit,1.0,1.0,0.0,0.5010240574814844,0.97075,0.9707399857601264,4000
REDUCED_7,RandomForest,2027,temperature_crossfit,0.95,0.95,0.050000000000000044,0.797092030583602,0.9873684210526316,0.9866666502057411,3800
REDUCED_7,RandomForest,2027,temperature_crossfit,0.9,0.9,0.09999999999999998,0.9143095020061859,0.9933333333333333,0.9924856170012916,3600
REDUCED_7,RandomForest,2027,temperature_crossfit,0.8,0.8,0.19999999999999996,0.977150660068045,0.998125,0.9974300326385855,3200
REDUCED_7,RandomForest,2027,temperature_crossfit,0.7,0.7,0.30000000000000004,0.9945064170291203,0.9992857142857143,0.9986417068375838,2800
REDUCED_7,RandomForest,2027,temperature_crossfit,0.6,0.6,0.4,0.9993149999376512,1.0,1.0,2400
REDUCED_7,RandomForest,2027,temperature_crossfit,0.5,0.5,0.5,0.9999999999969998,1.0,1.0,2000
REDUCED_7,RandomForest,2028,temperature_crossfit,1.0,1.0,0.0,0.4999999999989999,0.972,0.9719898883496942,4000
REDUCED_7,RandomForest,2028,temperature_crossfit,0.95,0.95,0.050000000000000044,0.7902103998644324,0.9863157894736843,0.9855544141759349,3800
REDUCED_7,RandomForest,2028,temperature_crossfit,0.9,0.9,0.09999999999999998,0.912331740930567,0.9922222222222222,0.9912312430809027,3600
REDUCED_7,RandomForest,2028,temperature_crossfit,0.8,0.8,0.19999999999999996,0.9796899894720432,0.9975,0.9965846119692273,3200
REDUCED_7,RandomForest,2028,temperature_crossfit,0.7,0.7,0.30000000000000004,0.9951743563335163,0.9985714285714286,0.9973169528583617,2800
REDUCED_7,RandomForest,2028,temperature_crossfit,0.6,0.6,0.4,0.9997389749258889,1.0,1.0,2400
REDUCED_7,RandomForest,2028,temperature_crossfit,0.5,0.5,0.5,0.9999999999969998,1.0,1.0,2000
REDUCED_7,SVM_RBF,2026,temperature_crossfit,1.0,1.0,0.0,0.5011134061691018,0.97775,0.9777431838500541,4000
REDUCED_7,SVM_RBF,2026,temperature_crossfit,0.95,0.95,0.050000000000000044,0.8584447774569167,0.9926315789473684,0.9922265384141078,3800
REDUCED_7,SVM_RBF,2026,temperature_crossfit,0.9,0.9,0.09999999999999998,0.9612904113981723,0.9966666666666667,0.9962411836751932,3600
REDUCED_7,SVM_RBF,2026,temperature_crossfit,0.8,0.8,0.19999999999999996,0.9906371238823869,0.9990625,0.9987658789911532,3200
REDUCED_7,SVM_RBF,2026,temperature_crossfit,0.7,0.7,0.30000000000000004,0.9967682553301701,1.0,1.0,2800
REDUCED_7,SVM_RBF,2026,temperature_crossfit,0.6,0.6,0.4,0.9984371624839526,1.0,1.0,2400
REDUCED_7,SVM_RBF,2026,temperature_crossfit,0.5,0.5,0.5,0.9990599683646342,1.0,1.0,2000
REDUCED_7,SVM_RBF,2027,temperature_crossfit,1.0,1.0,0.0,0.50175463776161,0.97625,0.9762456707734984,4000
REDUCED_7,SVM_RBF,2027,temperature_crossfit,0.95,0.95,0.050000000000000044,0.861060810985311,0.9928947368421053,0.9925041273775776,3800
REDUCED_7,SVM_RBF,2027,temperature_crossfit,0.9,0.9,0.09999999999999998,0.9589081313125004,0.9969444444444444,0.9965700210655241,3600
REDUCED_7,SVM_RBF,2027,temperature_crossfit,0.8,0.8,0.19999999999999996,0.9911243837400169,0.999375,0.9991747437806872,3200
REDUCED_7,SVM_RBF,2027,temperature_crossfit,0.7,0.7,0.30000000000000004,0.9971460218268622,1.0,1.0,2800
REDUCED_7,SVM_RBF,2027,temperature_crossfit,0.6,0.6,0.4,0.9985421056503775,1.0,1.0,2400
REDUCED_7,SVM_RBF,2027,temperature_crossfit,0.5,0.5,0.5,0.999164696317483,1.0,1.0,2000
REDUCED_7,SVM_RBF,2028,temperature_crossfit,1.0,1.0,0.0,0.5001634043750057,0.97675,0.9767361343276658,4000
REDUCED_7,SVM_RBF,2028,temperature_crossfit,0.95,0.95,0.050000000000000044,0.8592302083464093,0.9905263157894737,0.9900055247392398,3800
REDUCED_7,SVM_RBF,2028,temperature_crossfit,0.9,0.9,0.09999999999999998,0.957091598749615,0.9972222222222222,0.996867653062661,3600
REDUCED_7,SVM_RBF,2028,temperature_crossfit,0.8,0.8,0.19999999999999996,0.9907843983654291,0.99875,0.9983313509552584,3200
REDUCED_7,SVM_RBF,2028,temperature_crossfit,0.7,0.7,0.30000000000000004,0.9970591691384046,1.0,1.0,2800
REDUCED_7,SVM_RBF,2028,temperature_crossfit,0.6,0.6,0.4,0.9984671280836901,1.0,1.0,2400
REDUCED_7,SVM_RBF,2028,temperature_crossfit,0.5,0.5,0.5,0.9990995067825711,1.0,1.0,2000
REDUCED_7,TabPFN,2026,temperature_crossfit,1.0,1.0,0.0,0.5096472626018744,0.985,0.9849981847803584,4000
REDUCED_7,TabPFN,2026,temperature_crossfit,0.95,0.95,0.050000000000000044,0.9246760853942333,0.9978947368421053,0.9977772399247226,3800
REDUCED_7,TabPFN,2026,temperature_crossfit,0.9,0.9,0.09999999999999998,0.9863456701055492,0.9994444444444445,0.9993710998363288,3600
REDUCED_7,TabPFN,2026,temperature_crossfit,0.8,0.8,0.19999999999999996,0.9983227329369233,1.0,1.0,3200
REDUCED_7,TabPFN,2026,temperature_crossfit,0.7,0.7,0.30000000000000004,0.9997396647308214,1.0,1.0,2800
REDUCED_7,TabPFN,2026,temperature_crossfit,0.6,0.6,0.4,0.9999130363131843,1.0,1.0,2400
REDUCED_7,TabPFN,2026,temperature_crossfit,0.5,0.5,0.5,0.9999147283391722,1.0,1.0,2000
REDUCED_7,TabPFN,2027,temperature_crossfit,1.0,1.0,0.0,0.5044221731102927,0.98575,0.9857481151882337,4000
REDUCED_7,TabPFN,2027,temperature_crossfit,0.95,0.95,0.050000000000000044,0.9272184069586947,0.9971052631578947,0.9969438549102836,3800
REDUCED_7,TabPFN,2027,temperature_crossfit,0.9,0.9,0.09999999999999998,0.9853826509845497,0.9991666666666666,0.9990567428150332,3600
REDUCED_7,TabPFN,2027,temperature_crossfit,0.8,0.8,0.19999999999999996,0.9981804658944777,1.0,1.0,3200
REDUCED_7,TabPFN,2027,temperature_crossfit,0.7,0.7,0.30000000000000004,0.9997060166675712,1.0,1.0,2800
REDUCED_7,TabPFN,2027,temperature_crossfit,0.6,0.6,0.4,0.9998897603483256,1.0,1.0,2400
REDUCED_7,TabPFN,2027,temperature_crossfit,0.5,0.5,0.5,0.9999001929285196,1.0,1.0,2000
REDUCED_7,TabPFN,2028,temperature_crossfit,1.0,1.0,0.0,0.5069015527812865,0.986,0.9859983057950013,4000
REDUCED_7,TabPFN,2028,temperature_crossfit,0.95,0.95,0.050000000000000044,0.9199089674716736,0.9973684210526316,0.9972217283072546,3800
REDUCED_7,TabPFN,2028,temperature_crossfit,0.9,0.9,0.09999999999999998,0.9855320416837251,0.9994444444444445,0.9993715594745751,3600
REDUCED_7,TabPFN,2028,temperature_crossfit,0.8,0.8,0.19999999999999996,0.9982011833116156,1.0,1.0,3200
REDUCED_7,TabPFN,2028,temperature_crossfit,0.7,0.7,0.30000000000000004,0.9997425692608984,1.0,1.0,2800
REDUCED_7,TabPFN,2028,temperature_crossfit,0.6,0.6,0.4,0.9999140201521564,1.0,1.0,2400
REDUCED_7,TabPFN,2028,temperature_crossfit,0.5,0.5,0.5,0.9999184051369759,1.0,1.0,2000
REDUCED_7,XGBoost,2026,temperature_crossfit,1.0,1.0,0.0,0.4996742577473882,0.97125,0.9712218001955926,4000
REDUCED_7,XGBoost,2026,temperature_crossfit,0.95,0.95,0.050000000000000044,0.8198842474087641,0.9860526315789474,0.9853244123889053,3800
REDUCED_7,XGBoost,2026,temperature_crossfit,0.9,0.9,0.09999999999999998,0.9157462637933087,0.9922222222222222,0.9913708149213118,3600
REDUCED_7,XGBoost,2026,temperature_crossfit,0.8,0.8,0.19999999999999996,0.9719195289309595,0.9946875,0.9930652369049315,3200
REDUCED_7,XGBoost,2026,temperature_crossfit,0.7,0.7,0.30000000000000004,0.9919975346638426,0.9971428571428571,0.9954506994757666,2800
REDUCED_7,XGBoost,2026,temperature_crossfit,0.6,0.6,0.4,0.9978436919445378,0.9975,0.9951360373760804,2400
REDUCED_7,XGBoost,2026,temperature_crossfit,0.5,0.5,0.5,0.9982429301391952,0.997,0.994618754523338,2000
REDUCED_7,XGBoost,2027,temperature_crossfit,1.0,1.0,0.0,0.498694883690702,0.97,0.9699751858415215,4000
REDUCED_7,XGBoost,2027,temperature_crossfit,0.95,0.95,0.050000000000000044,0.830651732277764,0.9857894736842105,0.9850356103703959,3800
REDUCED_7,XGBoost,2027,temperature_crossfit,0.9,0.9,0.09999999999999998,0.9217052682979133,0.99,0.9888166473553712,3600
REDUCED_7,XGBoost,2027,temperature_crossfit,0.8,0.8,0.19999999999999996,0.9737632677834256,0.996875,0.9959298512508452,3200
REDUCED_7,XGBoost,2027,temperature_crossfit,0.7,0.7,0.30000000000000004,0.992630492185864,0.9985714285714286,0.9979224014369641,2800
REDUCED_7,XGBoost,2027,temperature_crossfit,0.6,0.6,0.4,0.9977461093803445,0.9991666666666666,0.9992325698806293,2400
REDUCED_7,XGBoost,2027,temperature_crossfit,0.5,0.5,0.5,0.9985346351851399,0.9995,0.9993963283678176,2000
REDUCED_7,XGBoost,2028,temperature_crossfit,1.0,1.0,0.0,0.4997788713705127,0.9705,0.9704819458332488,4000
REDUCED_7,XGBoost,2028,temperature_crossfit,0.95,0.95,0.050000000000000044,0.7994054926334739,0.9847368421052631,0.983934975153693,3800
REDUCED_7,XGBoost,2028,temperature_crossfit,0.9,0.9,0.09999999999999998,0.9031618392108915,0.9905555555555555,0.9894393218659201,3600
REDUCED_7,XGBoost,2028,temperature_crossfit,0.8,0.8,0.19999999999999996,0.97253200953502,0.995,0.9931759060454086,3200
REDUCED_7,XGBoost,2028,temperature_crossfit,0.7,0.7,0.30000000000000004,0.990390884495028,0.9964285714285714,0.9937108479044908,2800
REDUCED_7,XGBoost,2028,temperature_crossfit,0.6,0.6,0.4,0.9966344487044678,0.9975,0.9950683701805465,2400
REDUCED_7,XGBoost,2028,temperature_crossfit,0.5,0.5,0.5,0.997010228459878,0.9975,0.9957823149711459,2000
